,0,1
0,0.7425014972686768,0.25749850273132324
1,0.7350543737411499,0.2649456560611725
2,0.7306269407272339,0.2693730890750885
3,0.7250587940216064,0.27494120597839355
4,0.7213327884674072,0.2786672115325928
5,0.7332805395126343,0.26671943068504333
6,0.7240037322044373,0.27599626779556274
7,0.7319725751876831,0.2680273950099945
8,0.7434190511703491,0.25658097863197327
9,0.7507684826850891,0.24923153221607208
10,0.7653000950813293,0.23469990491867065
11,0.7664577960968018,0.23354223370552063
12,0.7646687030792236,0.23533131182193756
13,0.7673244476318359,0.23267558217048645
14,0.7595920562744141,0.24040795862674713
15,0.7648907899856567,0.23510918021202087
16,0.7665219306945801,0.23347808420658112
17,0.7653417587280273,0.23465824127197266
18,0.7668232917785645,0.23317667841911316
19,0.7501564621925354,0.2498435229063034
20,0.7632328271865845,0.23676717281341553
21,0.7594314813613892,0.24056848883628845
22,0.7532996535301208,0.24670034646987915
23,0.7615681290626526,0.2384318709373474
24,0.7647101283073425,0.23528985679149628
25,0.7474385499954224,0.2525614798069
26,0.7455947399139404,0.2544052302837372
27,0.7418659925460815,0.25813400745391846
28,0.7505959868431091,0.24940401315689087
29,0.7531577944755554,0.24684220552444458
30,0.7553073167800903,0.24469268321990967
31,0.7724277973175049,0.2275722175836563
32,0.770230770111084,0.22976922988891602
33,0.7535567283630371,0.24644328653812408
34,0.7582601308822632,0.24173985421657562
35,0.755414605140686,0.24458539485931396
36,0.7376024127006531,0.2623975872993469
37,0.7460973858833313,0.2539026141166687
38,0.7454853057861328,0.2545146644115448
39,0.7490270733833313,0.2509729266166687
40,0.7499445676803589,0.2500554323196411
41,0.7517975568771362,0.24820247292518616
42,0.7531028985977173,0.24689708650112152
43,0.7502143383026123,0.2497856467962265
44,0.7481096386909485,0.2518903613090515
45,0.7481928467750549,0.25180715322494507
46,0.7556689977645874,0.24433103203773499
47,0.7526881694793701,0.2473118007183075
48,0.7572983503341675,0.2427016645669937
49,0.7541472315788269,0.2458527684211731
50,0.7483389973640442,0.2516610026359558
51,0.7528865337371826,0.2471134513616562
52,0.7578276991844177,0.24217228591442108
53,0.7568273544311523,0.24317267537117004
54,0.7572659254074097,0.24273404479026794
55,0.7568344473838806,0.2431655377149582
56,0.73774254322052,0.2622574269771576
57,0.7363834381103516,0.2636165916919708
58,0.7368940114974976,0.26310601830482483
59,0.7408890724182129,0.2591109275817871
60,0.7445124387741089,0.2554875612258911
61,0.7647685408592224,0.23523147404193878
62,0.7948834896087646,0.20511648058891296
63,0.8001879453659058,0.19981202483177185
64,0.7979044914245605,0.20209549367427826
65,0.7995731830596924,0.20042678713798523
66,0.7966049313545227,0.2033950686454773
67,0.7984357476234436,0.2015642672777176
68,0.7985290288925171,0.2014709860086441
69,0.7986119985580444,0.20138800144195557
70,0.7838849425315857,0.2161150574684143
71,0.787791907787323,0.2122081071138382
72,0.7861125469207764,0.21388745307922363
73,0.7818182110786438,0.2181818038225174
74,0.7986017465591431,0.20139825344085693
75,0.7973776459693909,0.20262233912944794
76,0.795339047908783,0.20466096699237823
77,0.7927876710891724,0.20721232891082764
78,0.791814923286438,0.2081850916147232
79,0.7885620594024658,0.2114379107952118
80,0.7865298986434937,0.21347010135650635
81,0.789518415927887,0.21048159897327423
82,0.7901263236999512,0.20987364649772644
83,0.7894784212112427,0.21052156388759613
84,0.7825278043746948,0.21747218072414398
85,0.7891129851341248,0.21088699996471405
86,0.7818304300308228,0.21816958487033844
87,0.7718241214752197,0.22817590832710266
88,0.7762396335601807,0.22376033663749695
89,0.780386209487915,0.21961377561092377
90,0.7884089946746826,0.21159102022647858
91,0.7826911807060242,0.21730880439281464
92,0.7864906787872314,0.21350935101509094
93,0.7920711636543274,0.2079288214445114
94,0.7919257283210754,0.20807425677776337
95,0.7942672371864319,0.2057327777147293
96,0.7755322456359863,0.22446772456169128
97,0.783514142036438,0.216485857963562
98,0.7874646186828613,0.21253541111946106
99,0.781132161617279,0.21886783838272095
100,0.7748563289642334,0.2251436859369278
101,0.7743410468101501,0.22565895318984985
102,0.7704633474349976,0.22953666746616364
103,0.7635952234268188,0.23640474677085876
104,0.7712915539741516,0.2287084460258484
105,0.780592143535614,0.2194078415632248
106,0.7792061567306519,0.22079387307167053
107,0.7928098440170288,0.20719014108181
108,0.7886823415756226,0.21131768822669983
109,0.7849858999252319,0.21501410007476807
110,0.7868572473526001,0.2131427675485611
111,0.7854087352752686,0.21459127962589264
112,0.7876048684120178,0.21239514648914337
113,0.7936407327651978,0.20635926723480225
114,0.7902388572692871,0.20976117253303528
115,0.7795177698135376,0.2204822152853012
116,0.7641397714614868,0.23586025834083557
117,0.7650817632675171,0.2349182665348053
118,0.7616136074066162,0.2383863925933838
119,0.7225958108901978,0.27740421891212463
120,0.726770281791687,0.2732297480106354
121,0.7410528659820557,0.2589471638202667
122,0.7432048320770264,0.25679516792297363
123,0.7431062459945679,0.25689372420310974
124,0.7673074007034302,0.23269259929656982
125,0.7676547169685364,0.23234526813030243
126,0.7475935220718384,0.2524064779281616
127,0.7467788457870483,0.25322118401527405
128,0.7497966289520264,0.25020337104797363
129,0.7414131164550781,0.2585868537425995
130,0.7226874232292175,0.27731257677078247
131,0.6174005270004272,0.38259944319725037
132,0.6537166833877563,0.34628331661224365
133,0.6643624901771545,0.33563750982284546
134,0.6468461751937866,0.35315385460853577
135,0.7278571724891663,0.27214282751083374
136,0.7243560552597046,0.2756439447402954
137,0.6870768070220947,0.3129231631755829
138,0.5319874286651611,0.46801260113716125
139,0.4001762270927429,0.5998237729072571
140,0.35931670665740967,0.6406832933425903
141,0.34440678358078003,0.65559321641922
142,0.3554520606994629,0.6445479393005371
143,0.32415908575057983,0.6758409142494202
144,0.31535840034484863,0.6846415996551514
145,0.3187713623046875,0.6812286376953125
146,0.3129618763923645,0.6870381236076355
147,0.322110652923584,0.677889347076416
148,0.34637385606765747,0.6536261439323425
149,0.34786635637283325,0.6521336436271667
150,0.3392559289932251,0.6607440710067749
151,0.35038310289382935,0.6496168971061707
152,0.33378857374191284,0.6662114262580872
153,0.3166074752807617,0.6833925247192383
154,0.3249056339263916,0.6750943660736084
155,0.3068541884422302,0.6931458115577698
156,0.2941927909851074,0.7058072090148926
157,0.30874013900756836,0.6912598609924316
158,0.3070029616355896,0.6929970383644104
159,0.2977578639984131,0.7022421360015869
160,0.3062223792076111,0.6937776207923889
161,0.31152641773223877,0.6884735822677612
162,0.30892544984817505,0.691074550151825
163,0.31439268589019775,0.6856073141098022
164,0.3120325803756714,0.6879674196243286
165,0.2802122235298157,0.7197877764701843
166,0.28069013357162476,0.7193098664283752
167,0.2574411630630493,0.7425588369369507
168,0.2547813653945923,0.7452186346054077
169,0.263566255569458,0.736433744430542
170,0.2530785799026489,0.7469214200973511
171,0.26823168992996216,0.7317683100700378
172,0.26117873191833496,0.738821268081665
173,0.2711414098739624,0.7288585901260376
174,0.2528126835823059,0.7471873164176941
175,0.24780142307281494,0.7521985769271851
176,0.25064408779144287,0.7493559122085571
177,0.25173628330230713,0.7482637166976929
178,0.2560511827468872,0.7439488172531128
179,0.27038705348968506,0.7296129465103149
180,0.260154128074646,0.739845871925354
181,0.2641856074333191,0.7358143925666809
182,0.28531622886657715,0.7146837711334229
183,0.26830244064331055,0.7316975593566895
184,0.25982457399368286,0.7401754260063171
185,0.24190163612365723,0.7580983638763428
186,0.2380232810974121,0.7619767189025879
187,0.23903769254684448,0.7609623074531555
188,0.24521678686141968,0.7547832131385803
189,0.2398495078086853,0.7601504921913147
190,0.23624444007873535,0.7637555599212646
191,0.23474186658859253,0.7652581334114075
192,0.2345680594444275,0.7654319405555725
193,0.23921185731887817,0.7607881426811218
194,0.24465280771255493,0.7553471922874451
195,0.2977563142776489,0.7022436857223511
196,0.2891582250595093,0.7108417749404907
197,0.7527059316635132,0.24729406833648682
198,0.755539059638977,0.24446095526218414
199,0.7544173002243042,0.2455826997756958
200,0.753865659236908,0.24613434076309204
201,0.7533586025238037,0.24664141237735748
202,0.7636054754257202,0.23639455437660217
203,0.7566388845443726,0.24336108565330505
204,0.764765739440918,0.23523426055908203
205,0.7540397047996521,0.2459602952003479
206,0.7462973594665527,0.25370267033576965
207,0.7461251020431519,0.25387492775917053
208,0.745323896408081,0.25467607378959656
209,0.7370532751083374,0.2629466950893402
210,0.7381256222724915,0.26187437772750854
211,0.753728985786438,0.24627099931240082
212,0.7349687814712524,0.26503121852874756
213,0.7405810356140137,0.25941893458366394
214,0.7468960285186768,0.25310400128364563
215,0.7513653635978699,0.24863463640213013
216,0.750494122505188,0.2495059072971344
217,0.7501685619354248,0.2498314529657364
218,0.7509839534759521,0.24901604652404785
219,0.7492129802703857,0.25078701972961426
220,0.7604987621307373,0.23950126767158508
221,0.7644519805908203,0.2355479896068573
222,0.7454792261123657,0.2545207738876343
223,0.7476919889450073,0.2523080110549927
224,0.7446080446243286,0.2553919553756714
225,0.7474479675292969,0.2525520324707031
226,0.7495750188827515,0.25042498111724854
227,0.7513725757598877,0.2486274093389511
228,0.7528956532478333,0.24710434675216675
229,0.7545452117919922,0.24545475840568542
230,0.7529696226119995,0.24703040719032288
231,0.7529256939888,0.24707430601119995
232,0.7559432983398438,0.24405667185783386
233,0.754156231880188,0.245843768119812
234,0.7561348080635071,0.24386517703533173
235,0.7541218996047974,0.24587810039520264
236,0.7540866136550903,0.24591335654258728
237,0.7566068172454834,0.2433931976556778
238,0.7566912174224854,0.24330879747867584
239,0.7601538896560669,0.2398460954427719
240,0.7741000652313232,0.22589994966983795
241,0.7711693644523621,0.22883062064647675
242,0.7733337879180908,0.22666619718074799
243,0.7597211003303528,0.24027888476848602
244,0.7556169033050537,0.2443830817937851
245,0.7715939283370972,0.22840605676174164
246,0.7720596194267273,0.2279403954744339
247,0.7668732404708862,0.23312677443027496
248,0.7657029032707214,0.23429708182811737
249,0.7716718912124634,0.228328138589859
250,0.7698706984519958,0.23012928664684296
251,0.7721694707870483,0.22783054411411285
252,0.7652475833892822,0.23475244641304016
253,0.7646079659461975,0.2353920340538025
254,0.7806152105331421,0.21938475966453552
255,0.7997798919677734,0.20022007822990417
256,0.7967217564582825,0.20327824354171753
257,0.7994499206542969,0.20055007934570312
258,0.7981037497520447,0.20189625024795532
259,0.7985915541648865,0.20140844583511353
260,0.7862639427185059,0.21373602747917175
261,0.7873740792274475,0.2126259207725525
262,0.78455650806427,0.2154434621334076
263,0.7856287956237793,0.21437117457389832
264,0.7862017154693604,0.21379825472831726
265,0.7862712144851685,0.21372878551483154
266,0.7878345251083374,0.2121654748916626
267,0.7858603596687317,0.2141396403312683
268,0.7880366444587708,0.21196334064006805
269,0.7872981429100037,0.21270185708999634
270,0.7852954864501953,0.2147045135498047
271,0.7864323854446411,0.2135676145553589
272,0.7849995493888855,0.2150004357099533
273,0.7885934114456177,0.21140660345554352
274,0.788648247718811,0.21135176718235016
275,0.7944931983947754,0.2055068165063858
276,0.8087105751037598,0.19128939509391785
277,0.8098135590553284,0.19018642604351044
278,0.8095470666885376,0.1904529184103012
279,0.8078039884567261,0.19219602644443512
280,0.8069220781326294,0.1930779367685318
281,0.7902995944023132,0.20970040559768677
282,0.7879819273948669,0.21201808750629425
283,0.7907688617706299,0.2092311680316925
284,0.7855538129806519,0.21444617211818695
285,0.785056471824646,0.21494349837303162
286,0.7732305526733398,0.22676947712898254
287,0.7771385312080383,0.22286148369312286
288,0.781133234500885,0.21886678040027618
289,0.780757486820221,0.21924249827861786
290,0.7819681167602539,0.2180318534374237
291,0.7807072997093201,0.21929270029067993
292,0.7771360278129578,0.22286397218704224
293,0.7776709794998169,0.2223290205001831
294,0.7758116722106934,0.22418831288814545
295,0.7762559652328491,0.22374406456947327
296,0.781723141670227,0.21827685832977295
297,0.7866361737251282,0.21336381137371063
298,0.7846053242683411,0.21539469063282013
299,0.7835392951965332,0.2164606750011444
300,0.7733821868896484,0.22661778330802917
301,0.775303840637207,0.22469617426395416
302,0.786634624004364,0.2133653610944748
303,0.7867671847343445,0.21323281526565552
304,0.7855535745620728,0.21444644033908844
305,0.7872088551521301,0.21279112994670868
306,0.7870581150054932,0.21294188499450684
307,0.7846418619155884,0.215358167886734
308,0.7851347923278809,0.21486523747444153
309,0.7754018902778625,0.22459812462329865
310,0.7767633199691772,0.22323668003082275
311,0.7838729619979858,0.21612706780433655
312,0.7860234975814819,0.21397650241851807
313,0.786243200302124,0.21375682950019836
314,0.7751482129096985,0.2248517870903015
315,0.7748884558677673,0.22511155903339386
316,0.7759564518928528,0.22404354810714722
317,0.7751802802085876,0.22481973469257355
318,0.7753957509994507,0.2246042788028717
319,0.7747437357902527,0.22525626420974731
320,0.7709992527961731,0.2290007621049881
321,0.7682002782821655,0.23179969191551208
322,0.7581023573875427,0.24189765751361847
323,0.7541943192481995,0.24580569565296173
324,0.7632532119750977,0.23674681782722473
325,0.7675639390945435,0.23243606090545654
326,0.7623165845870972,0.23768343031406403
327,0.7411192059516907,0.2588807940483093
328,0.7359258532524109,0.2640741467475891
329,0.7320520281791687,0.2679479718208313
330,0.7539078593254089,0.24609214067459106
331,0.7232193946838379,0.2767806351184845
332,0.7490221261978149,0.25097787380218506
333,0.7298367619514465,0.27016323804855347
334,0.7325624227523804,0.26743757724761963
335,0.7239370346069336,0.2760629653930664
336,0.7115470767021179,0.2884529232978821
337,0.719505250453949,0.280494749546051
338,0.6390930414199829,0.3609069585800171
339,0.6660546660423279,0.3339453339576721
340,0.4482729434967041,0.5517270565032959
341,0.4145592451095581,0.5854407548904419
342,0.35157692432403564,0.6484230756759644
343,0.34587281942367554,0.6541271805763245
344,0.3231083154678345,0.6768916845321655
345,0.30671411752700806,0.6932858824729919
346,0.29809141159057617,0.7019085884094238
347,0.2743690013885498,0.7256309986114502
348,0.26418304443359375,0.7358169555664062
349,0.26085615158081055,0.7391438484191895
350,0.2612568140029907,0.7387431859970093
351,0.25920259952545166,0.7407974004745483
352,0.2625707983970642,0.7374292016029358
353,0.2626188397407532,0.7373811602592468
354,0.25978291034698486,0.7402170896530151
355,0.26395493745803833,0.7360450625419617
356,0.2692006826400757,0.7307993173599243
357,0.262753963470459,0.737246036529541
358,0.2681910991668701,0.7318089008331299
359,0.265647828578949,0.734352171421051
360,0.27083712816238403,0.729162871837616
361,0.267781138420105,0.732218861579895
362,0.2712736129760742,0.7287263870239258
363,0.2692437767982483,0.7307562232017517
364,0.27579736709594727,0.7242026329040527
365,0.2738564610481262,0.7261435389518738
366,0.2572002410888672,0.7427997589111328
367,0.26547741889953613,0.7345225811004639
368,0.2739667296409607,0.7260332703590393
369,0.2645309567451477,0.7354690432548523
370,0.26568007469177246,0.7343199253082275
371,0.25701987743377686,0.7429801225662231
372,0.2563471794128418,0.7436528205871582
373,0.25245004892349243,0.7475499510765076
374,0.25155067443847656,0.7484493255615234
375,0.25591081380844116,0.7440891861915588
376,0.2686848044395447,0.7313151955604553
377,0.26685309410095215,0.7331469058990479
378,0.26914501190185547,0.7308549880981445
379,0.26574230194091797,0.734257698059082
380,0.27011638879776,0.72988361120224
381,0.27051711082458496,0.729482889175415
382,0.2574636936187744,0.7425363063812256
383,0.2592321038246155,0.7407678961753845
384,0.25877267122268677,0.7412273287773132
385,0.25898534059524536,0.7410146594047546
386,0.25929397344589233,0.7407060265541077
387,0.24861669540405273,0.7513833045959473
388,0.23737478256225586,0.7626252174377441
389,0.255281925201416,0.744718074798584
390,0.2514038681983948,0.7485961318016052
391,0.2566332221031189,0.7433667778968811
392,0.25597625970840454,0.7440237402915955
393,0.2582405209541321,0.7417594790458679
394,0.2577275037765503,0.7422724962234497
395,0.25311315059661865,0.7468868494033813
396,0.250288724899292,0.749711275100708
397,0.24021607637405396,0.759783923625946
398,0.24057739973068237,0.7594226002693176
399,0.237648606300354,0.762351393699646
400,0.23857265710830688,0.7614273428916931
401,0.24581491947174072,0.7541850805282593
402,0.2465021014213562,0.7534978985786438
403,0.24727743864059448,0.7527225613594055
404,0.24793201684951782,0.7520679831504822
405,0.2453640103340149,0.7546359896659851
406,0.2522701025009155,0.7477298974990845
407,0.2536779046058655,0.7463220953941345
408,0.254583477973938,0.745416522026062
409,0.25800204277038574,0.7419979572296143
410,0.2497383952140808,0.7502616047859192
411,0.24317169189453125,0.7568283081054688
412,0.24471592903137207,0.7552840709686279
413,0.2437456250190735,0.7562543749809265
414,0.24066394567489624,0.7593360543251038
415,0.23998594284057617,0.7600140571594238
416,0.24006521701812744,0.7599347829818726
417,0.2379332184791565,0.7620667815208435
418,0.24127018451690674,0.7587298154830933
419,0.3004251718521118,0.6995748281478882
420,0.3080759644508362,0.6919240355491638
421,0.7532171010971069,0.24678289890289307
422,0.754595160484314,0.24540480971336365
423,0.7544059753417969,0.24559399485588074
424,0.7524114847183228,0.24758853018283844
425,0.7522504329681396,0.24774956703186035
426,0.7542195320129395,0.24578046798706055
427,0.7551500201225281,0.24484997987747192
428,0.754449725151062,0.24555030465126038
429,0.7499744296073914,0.25002557039260864
430,0.7526947259902954,0.24730528891086578
431,0.7527120113372803,0.24728801846504211
432,0.7579092979431152,0.24209070205688477
433,0.7541888356208801,0.24581114947795868
434,0.7518407106399536,0.2481592893600464
435,0.7497429847717285,0.25025704503059387
436,0.7529926300048828,0.247007355093956
437,0.7527292966842651,0.24727067351341248
438,0.7551987171173096,0.24480129778385162
439,0.755896270275116,0.24410371482372284
440,0.7560123205184937,0.24398766458034515
441,0.753286600112915,0.24671338498592377
442,0.766332745552063,0.23366723954677582
443,0.7693770527839661,0.23062294721603394
444,0.7552251815795898,0.24477478861808777
445,0.7694504261016846,0.23054954409599304
446,0.7556635737419128,0.24433644115924835
447,0.7681583762168884,0.23184163868427277
448,0.7677017450332642,0.23229828476905823
449,0.7590165734291077,0.24098342657089233
450,0.7580402493476868,0.24195975065231323
451,0.7585948705673218,0.24140512943267822
452,0.7722578644752502,0.22774215042591095
453,0.7734944820404053,0.22650554776191711
454,0.770074725151062,0.22992530465126038
455,0.7648125886917114,0.23518744111061096
456,0.77286297082901,0.22713702917099
457,0.7575366497039795,0.2424633651971817
458,0.7573707699775696,0.24262923002243042
459,0.7540969848632812,0.24590298533439636
460,0.7566347122192383,0.24336527287960052
461,0.75821453332901,0.2417854517698288
462,0.7587906122207642,0.24120938777923584
463,0.7636594772338867,0.23634052276611328
464,0.764062225818634,0.23593777418136597
465,0.762740969657898,0.23725900053977966
466,0.7703263759613037,0.2296735942363739
467,0.7676327228546143,0.23236724734306335
468,0.7700119614601135,0.22998803853988647
469,0.7710238695144653,0.22897616028785706
470,0.7701748013496399,0.2298252135515213
471,0.7871759533882141,0.2128240317106247
472,0.7894032001495361,0.21059678494930267
473,0.7868480682373047,0.2131519615650177
474,0.7871219515800476,0.2128780484199524
475,0.7864577770233154,0.21354219317436218
476,0.7898105382919312,0.21018949151039124
477,0.7777653336524963,0.22223466634750366
478,0.7703397274017334,0.2296602427959442
479,0.7788686156272888,0.22113138437271118
480,0.7871464490890503,0.21285352110862732
481,0.7686979174613953,0.23130209743976593
482,0.7700468301773071,0.22995314002037048
483,0.7731573581695557,0.22684261202812195
484,0.7736903429031372,0.2263096570968628
485,0.7731173038482666,0.2268827110528946
486,0.7691571712493896,0.23084281384944916
487,0.7702056169509888,0.22979435324668884
488,0.7676409482955933,0.23235903680324554
489,0.7686275243759155,0.23137244582176208
490,0.7682280540466309,0.23177196085453033
491,0.7685317397117615,0.23146824538707733
492,0.7683173418045044,0.231682687997818
493,0.7704834342002869,0.22951655089855194
494,0.7728816866874695,0.2271183282136917
495,0.7731260657310486,0.2268739491701126
496,0.7757564187049866,0.22424358129501343
497,0.7789733409881592,0.2210266888141632
498,0.7778184413909912,0.2221815437078476
499,0.7708021402359009,0.2291978895664215
500,0.7700986266136169,0.22990138828754425
501,0.7721418738365173,0.22785812616348267
502,0.7737838625907898,0.226216122508049
503,0.7788876891136169,0.22111232578754425
504,0.7794727087020874,0.22052732110023499
505,0.7802056670188904,0.21979431807994843
506,0.7791949510574341,0.2208050638437271
507,0.7777191996574402,0.222280815243721
508,0.7726513147354126,0.2273486852645874
509,0.7730847001075745,0.22691529989242554
510,0.7725251317024231,0.2274748682975769
511,0.772546648979187,0.227453351020813
512,0.772400975227356,0.22759902477264404
513,0.7739040851593018,0.22609589993953705
514,0.7727938294410706,0.22720615565776825
515,0.7779880166053772,0.2220119684934616
516,0.7868332862854004,0.213166743516922
517,0.7906109094619751,0.2093890905380249
518,0.7914563417434692,0.20854368805885315
519,0.7912052869796753,0.2087947279214859
520,0.7895872592926025,0.21041274070739746
521,0.7880064249038696,0.21199354529380798
522,0.7882071137428284,0.21179290115833282
523,0.7911906242370605,0.20880940556526184
524,0.7901832461357117,0.20981673896312714
525,0.7902822494506836,0.2097177505493164
526,0.7877907752990723,0.21220925450325012
527,0.7886826395988464,0.21131737530231476
528,0.7877733707427979,0.21222659945487976
529,0.7885810136795044,0.2114189863204956
530,0.7901991605758667,0.2098008692264557
531,0.7911101579666138,0.20888984203338623
532,0.7889255285263062,0.21107444167137146
533,0.7910018563270569,0.2089981585741043
534,0.7902393341064453,0.2097606658935547
535,0.779045820236206,0.22095420956611633
536,0.7796601057052612,0.22033989429473877
537,0.7750455141067505,0.2249545156955719
538,0.7734191417694092,0.2265808880329132
539,0.7661851048469543,0.23381489515304565
540,0.7652310132980347,0.23476895689964294
541,0.7666803598403931,0.23331964015960693
542,0.7682775855064392,0.2317224144935608
543,0.76688152551651,0.2331184595823288
544,0.7686406970024109,0.2313593029975891
545,0.7693556547164917,0.2306443750858307
546,0.7684468030929565,0.23155322670936584
547,0.7654767632484436,0.2345232218503952
548,0.7596976161003113,0.24030236899852753
549,0.7551496028900146,0.24485036730766296
550,0.769779622554779,0.23022037744522095
551,0.7770768404006958,0.222923144698143
552,0.7695199847221375,0.23048000037670135
553,0.7496609687805176,0.25033900141716003
554,0.7458508014678955,0.2541492283344269
555,0.7443733215332031,0.25562670826911926
556,0.742655873298645,0.257344126701355
557,0.7118808627128601,0.2881191372871399
558,0.7080380916595459,0.2919619083404541
559,0.6607654094696045,0.3392346203327179
560,0.6443142890930176,0.3556857407093048
561,0.6142767667770386,0.3857232332229614
562,0.6347665786743164,0.3652333915233612
563,0.4496307969093323,0.5503692030906677
564,0.4277116060256958,0.5722883939743042
565,0.41560477018356323,0.5843952298164368
566,0.41563117504119873,0.5843688249588013
567,0.40331482887268066,0.5966851711273193
568,0.40273284912109375,0.5972671508789062
569,0.3940768241882324,0.6059231758117676
570,0.3626973628997803,0.6373026371002197
571,0.3695063591003418,0.6304936408996582
572,0.36624544858932495,0.633754551410675
573,0.37307286262512207,0.6269271373748779
574,0.4094308018684387,0.5905691981315613
575,0.3816559910774231,0.6183440089225769
576,0.3772374391555786,0.6227625608444214
577,0.38373100757598877,0.6162689924240112
578,0.3533344268798828,0.6466655731201172
579,0.3337554931640625,0.6662445068359375
580,0.3443220853805542,0.6556779146194458
581,0.3382309675216675,0.6617690324783325
582,0.3391774296760559,0.6608225703239441
583,0.3579258918762207,0.6420741081237793
584,0.34320300817489624,0.6567969918251038
585,0.36197221279144287,0.6380277872085571
586,0.3625175952911377,0.6374824047088623
587,0.3687679171562195,0.6312320828437805
588,0.3672153949737549,0.6327846050262451
589,0.3558424115180969,0.6441575884819031
590,0.3100154399871826,0.6899845600128174
591,0.3090994358062744,0.6909005641937256
592,0.3089432716369629,0.6910567283630371
593,0.31941282749176025,0.6805871725082397
594,0.3009130358695984,0.6990869641304016
595,0.2995133399963379,0.7004866600036621
596,0.2996508479118347,0.7003491520881653
597,0.27800214290618896,0.721997857093811
598,0.27476030588150024,0.7252396941184998
599,0.2651650905609131,0.7348349094390869
600,0.2891194224357605,0.7108805775642395
601,0.28495246171951294,0.7150475382804871
602,0.25237560272216797,0.747624397277832
603,0.25274884700775146,0.7472511529922485
604,0.2562851905822754,0.7437148094177246
605,0.2535701394081116,0.7464298605918884
606,0.25073689222335815,0.7492631077766418
607,0.25595277547836304,0.744047224521637
608,0.25463539361953735,0.7453646063804626
609,0.248712420463562,0.751287579536438
610,0.2549296021461487,0.7450703978538513
611,0.2589307427406311,0.7410692572593689
612,0.2659148573875427,0.7340851426124573
613,0.25855886936187744,0.7414411306381226
614,0.2635897397994995,0.7364102602005005
615,0.26515740156173706,0.7348425984382629
616,0.24965661764144897,0.750343382358551
617,0.24844247102737427,0.7515575289726257
618,0.2599921226501465,0.7400078773498535
619,0.25150150060653687,0.7484984993934631
620,0.27155137062072754,0.7284486293792725
621,0.27299535274505615,0.7270046472549438
622,0.26356661319732666,0.7364333868026733
623,0.2587161660194397,0.7412838339805603
624,0.25617891550064087,0.7438210844993591
625,0.25576353073120117,0.7442364692687988
626,0.3069249391555786,0.6930750608444214
627,0.36437761783599854,0.6356223821640015
628,0.7599061131477356,0.2400939017534256
629,0.7579269409179688,0.24207302927970886
630,0.7565572261810303,0.24344275891780853
631,0.7584172487258911,0.24158278107643127
632,0.7585113048553467,0.24148869514465332
633,0.7599456310272217,0.2400543987751007
634,0.7601944804191589,0.23980551958084106
635,0.7617135047912598,0.23828651010990143
636,0.7601467370986938,0.23985327780246735
637,0.7586294412612915,0.2413705736398697
638,0.7718441486358643,0.22815586626529694
639,0.7715549468994141,0.22844508290290833
640,0.7727092504501343,0.22729074954986572
641,0.7734358906745911,0.22656409442424774
642,0.771864652633667,0.228135347366333
643,0.7712445259094238,0.22875547409057617
644,0.7765310406684875,0.22346894443035126
645,0.7766119241714478,0.22338810563087463
646,0.7624284029006958,0.2375716269016266
647,0.7730212211608887,0.22697880864143372
648,0.7731231451034546,0.2268768697977066
649,0.7725954055786133,0.22740459442138672
650,0.7760434150695801,0.2239566147327423
651,0.7755531072616577,0.22444689273834229
652,0.7742838263511658,0.22571617364883423
653,0.7616556882858276,0.23834434151649475
654,0.7766783237457275,0.22332167625427246
655,0.7703168988227844,0.22968308627605438
656,0.775931715965271,0.224068284034729
657,0.7717684507369995,0.2282315492630005
658,0.756251871585846,0.24374812841415405
659,0.7701135277748108,0.2298864871263504
660,0.7767547369003296,0.22324523329734802
661,0.7621829509735107,0.23781706392765045
662,0.7636024951934814,0.23639750480651855
663,0.7636460065841675,0.2363540232181549
664,0.7771438956260681,0.22285610437393188
665,0.7797051668167114,0.22029486298561096
666,0.7670515179634094,0.23294846713542938
667,0.7652508616447449,0.23474912345409393
668,0.7604817152023315,0.23951826989650726
669,0.7657647728919983,0.23423521220684052
670,0.7790282964706421,0.2209717184305191
671,0.7789342403411865,0.22106578946113586
672,0.7633694410324097,0.23663052916526794
673,0.764849066734314,0.23515090346336365
674,0.7679305076599121,0.2320694625377655
675,0.7692829370498657,0.23071707785129547
676,0.7651730179786682,0.2348269820213318
677,0.7650693655014038,0.234930619597435
678,0.769074559211731,0.23092547059059143
679,0.7780470848083496,0.2219529151916504
680,0.7698891758918762,0.23011082410812378
681,0.769465446472168,0.23053452372550964
682,0.7906843423843384,0.20931562781333923
683,0.790515661239624,0.20948435366153717
684,0.7947717905044556,0.20522819459438324
685,0.793854296207428,0.20614570379257202
686,0.793729841709137,0.20627015829086304
687,0.7910866737365723,0.20891331136226654
688,0.7960457801818848,0.20395419001579285
689,0.7932509183883667,0.2067490816116333
690,0.7709209322929382,0.22907905280590057
691,0.7748318910598755,0.2251681387424469
692,0.7716292142868042,0.2283707559108734
693,0.7719227075576782,0.22807732224464417
694,0.7720059752464294,0.22799402475357056
695,0.7719800472259521,0.22801998257637024
696,0.7607648372650146,0.23923519253730774
697,0.7650232911109924,0.23497670888900757
698,0.7617283463478088,0.23827165365219116
699,0.7679499387741089,0.23205004632472992
700,0.7663744688034058,0.23362550139427185
701,0.7667423486709595,0.23325765132904053
702,0.7668655514717102,0.2331344336271286
703,0.7666111588478088,0.23338885605335236
704,0.771781325340271,0.22821864485740662
705,0.7713174819946289,0.2286825180053711
706,0.7676988840103149,0.23230111598968506
707,0.769722580909729,0.2302773892879486
708,0.7727265357971191,0.22727344930171967
709,0.7705202102661133,0.22947975993156433
710,0.7726659774780273,0.22733405232429504
711,0.7694035768508911,0.2305964082479477
712,0.7707346677780151,0.22926534712314606
713,0.769328236579895,0.23067176342010498
714,0.77327561378479,0.22672438621520996
715,0.7686371803283691,0.23136280477046967
716,0.7684040665626526,0.2315959334373474
717,0.7725399732589722,0.22746002674102783
718,0.772229790687561,0.22777022421360016
719,0.766435980796814,0.23356404900550842
720,0.763427734375,0.2365722954273224
721,0.7649834752082825,0.23501652479171753
722,0.764997124671936,0.23500287532806396
723,0.77339106798172,0.22660893201828003
724,0.7717058658599854,0.22829411923885345
725,0.7681231498718262,0.23187687993049622
726,0.7703654766082764,0.22963449358940125
727,0.7688795924186707,0.23112040758132935
728,0.7684706449508667,0.2315293848514557
729,0.7669747471809387,0.23302523791790009
730,0.7692291736602783,0.23077084124088287
731,0.766925573348999,0.23307445645332336
732,0.7696258425712585,0.23037417232990265
733,0.7679404616355896,0.2320595234632492
734,0.7687821388244629,0.23121783137321472
735,0.7744093537330627,0.22559063136577606
736,0.7671188116073608,0.23288121819496155
737,0.7688673138618469,0.23113270103931427
738,0.7713688611984253,0.2286311686038971
739,0.7693697214126587,0.23063024878501892
740,0.7686644196510315,0.2313355803489685
741,0.7690175771713257,0.2309824377298355
742,0.768667459487915,0.23133252561092377
743,0.769371509552002,0.23062852025032043
744,0.771927535533905,0.22807246446609497
745,0.772368311882019,0.22763171792030334
746,0.7703981399536133,0.22960186004638672
747,0.7714228630065918,0.2285771518945694
748,0.7707751393318176,0.22922487556934357
749,0.7698455452919006,0.23015445470809937
750,0.7679409384727478,0.2320590615272522
751,0.7660968899726868,0.23390309512615204
752,0.764018177986145,0.23598185181617737
753,0.7640626430511475,0.23593735694885254
754,0.7647882699966431,0.23521170020103455
755,0.7628369927406311,0.2371630221605301
756,0.7657355070114136,0.23426449298858643
757,0.7696529030799866,0.23034711182117462
758,0.7473451495170593,0.2526548504829407
759,0.7570169568061829,0.24298304319381714
760,0.7556232213973999,0.2443767488002777
761,0.7586708068847656,0.24132922291755676
762,0.7507908940315247,0.24920909106731415
763,0.7562894225120544,0.24371057748794556
764,0.7566071152687073,0.24339286983013153
765,0.7501171827316284,0.24988283216953278
766,0.755094051361084,0.24490594863891602
767,0.7497996091842651,0.25020039081573486
768,0.7430632710456848,0.2569367289543152
769,0.7379125356674194,0.2620874345302582
770,0.7345143556594849,0.26548564434051514
771,0.7394009232521057,0.2605990767478943
772,0.7126064300537109,0.28739356994628906
773,0.7317137718200684,0.26828622817993164
774,0.7358686327934265,0.2641313672065735
775,0.6717009544372559,0.32829907536506653
776,0.6306054592132568,0.36939454078674316
777,0.5851237773895264,0.41487622261047363
778,0.6378587484359741,0.3621412515640259
779,0.6936041712760925,0.30639582872390747
780,0.69306480884552,0.3069351613521576
781,0.7029642462730408,0.29703575372695923
782,0.3637193441390991,0.6362806558609009
783,0.3230155110359192,0.6769844889640808
784,0.757110595703125,0.2428894340991974
785,0.7614305019378662,0.2385694682598114
786,0.7609391212463379,0.2390608936548233
787,0.7555468082427979,0.24445317685604095
788,0.7565826773643494,0.24341730773448944
789,0.7590728402137756,0.24092715978622437
790,0.7557076811790466,0.24429231882095337
791,0.771489143371582,0.22851088643074036
792,0.7575092911720276,0.2424907237291336
793,0.7544220685958862,0.24557790160179138
794,0.7576992511749268,0.24230074882507324
795,0.7576637268066406,0.24233627319335938
796,0.7568278908729553,0.24317210912704468
797,0.7564812898635864,0.24351869523525238
798,0.7607051134109497,0.2392948567867279
799,0.7589636445045471,0.24103635549545288
800,0.7592049837112427,0.2407950460910797
801,0.7712511420249939,0.2287488579750061
802,0.770338773727417,0.2296612560749054
803,0.7726492285728455,0.22735077142715454
804,0.7718323469161987,0.22816762328147888
805,0.7727571725845337,0.2272428572177887
806,0.7722127437591553,0.22778725624084473
807,0.7746633291244507,0.2253366857767105
808,0.7770710587501526,0.2229289412498474
809,0.768966019153595,0.23103398084640503
810,0.7703059911727905,0.22969400882720947
811,0.7725241184234619,0.22747591137886047
812,0.7699666619300842,0.23003332316875458
813,0.7727028131484985,0.22729718685150146
814,0.7766543626785278,0.22334563732147217
815,0.7753648161888123,0.22463518381118774
816,0.7760312557220459,0.2239687591791153
817,0.7735043168067932,0.2264956831932068
818,0.767216682434082,0.23278330266475677
819,0.7733477354049683,0.22665223479270935
820,0.7748989462852478,0.2251010537147522
821,0.7578681111335754,0.24213190376758575
822,0.7650277614593506,0.23497222363948822
823,0.765161395072937,0.23483863472938538
824,0.7624015808105469,0.2375984489917755
825,0.7651124000549316,0.23488759994506836
826,0.7649003863334656,0.23509962856769562
827,0.7790845632553101,0.22091545164585114
828,0.7766454219818115,0.22335457801818848
829,0.762531578540802,0.237468421459198
830,0.7605344653129578,0.23946553468704224
831,0.7639397382736206,0.23606029152870178
832,0.7687990665435791,0.2312009483575821
833,0.7821514010429382,0.21784858405590057
834,0.7691187858581543,0.23088118433952332
835,0.7692957520484924,0.23070426285266876
836,0.7825742959976196,0.21742571890354156
837,0.7796212434768677,0.22037875652313232
838,0.7701619863510132,0.229838028550148
839,0.7622827291488647,0.23771730065345764
840,0.7580863833427429,0.2419136017560959
841,0.7666195631027222,0.23338046669960022
842,0.7685858011245728,0.23141422867774963
843,0.7660937309265137,0.23390629887580872
844,0.7631904482841492,0.23680956661701202
845,0.7843551635742188,0.21564482152462006
846,0.789764404296875,0.210235595703125
847,0.7942332029342651,0.20576679706573486
848,0.7938116788864136,0.20618832111358643
849,0.79140305519104,0.20859694480895996
850,0.7930107116699219,0.20698927342891693
851,0.7908568382263184,0.20914313197135925
852,0.7929600477218628,0.2070399820804596
853,0.7710977792739868,0.22890222072601318
854,0.7706444263458252,0.22935554385185242
855,0.771137535572052,0.2288624495267868
856,0.7744311094284058,0.22556886076927185
857,0.772638738155365,0.227361261844635
858,0.7657024264335632,0.23429758846759796
859,0.7532023787498474,0.2467976063489914
860,0.7583320736885071,0.24166792631149292
861,0.7613793015480042,0.23862071335315704
862,0.7664931416511536,0.23350685834884644
863,0.7601286768913269,0.2398713380098343
864,0.7694761753082275,0.23052385449409485
865,0.763674795627594,0.236325204372406
866,0.7644551396369934,0.23554487526416779
867,0.765204906463623,0.23479509353637695
868,0.7635341286659241,0.23646587133407593
869,0.7645758986473083,0.23542408645153046
870,0.765358567237854,0.23464146256446838
871,0.7676875591278076,0.23231241106987
872,0.7728723287582397,0.22712767124176025
873,0.7635785937309265,0.2364214062690735
874,0.7674919366836548,0.2325080782175064
875,0.7681567668914795,0.23184320330619812
876,0.7642401456832886,0.23575985431671143
877,0.766180157661438,0.23381982743740082
878,0.7663166522979736,0.23368331789970398
879,0.7664055228233337,0.23359447717666626
880,0.767318844795227,0.23268114030361176
881,0.7692504525184631,0.23074954748153687
882,0.7687463760375977,0.23125359416007996
883,0.7654700875282288,0.23452991247177124
884,0.7643556594848633,0.23564432561397552
885,0.7630742788314819,0.23692570626735687
886,0.7667901515960693,0.23320981860160828
887,0.7656925320625305,0.23430746793746948
888,0.7631012201309204,0.23689879477024078
889,0.7677363753318787,0.23226363956928253
890,0.7663427591323853,0.23365721106529236
891,0.761448085308075,0.23855189979076385
892,0.7619333863258362,0.23806659877300262
893,0.7581650018692017,0.24183501303195953
894,0.7607430815696716,0.23925691843032837
895,0.761236310005188,0.23876366019248962
896,0.7636827230453491,0.23631729185581207
897,0.7630001902580261,0.23699979484081268
898,0.7683650851249695,0.23163491487503052
899,0.7647631168365479,0.23523689806461334
900,0.7631643414497375,0.23683565855026245
901,0.7630919218063354,0.23690807819366455
902,0.7644453048706055,0.23555468022823334
903,0.7652824521064758,0.23471756279468536
904,0.7650442123413086,0.2349557727575302
905,0.7634240388870239,0.23657599091529846
906,0.7667699456214905,0.23323005437850952
907,0.7704941034317017,0.22950592637062073
908,0.7660521864891052,0.23394782841205597
909,0.7627955079078674,0.23720449209213257
910,0.7635436058044434,0.23645636439323425
911,0.7642529010772705,0.2357470691204071
912,0.7627673149108887,0.23723269999027252
913,0.7624599933624268,0.23753999173641205
914,0.7623233795166016,0.23767660558223724
915,0.7566329836845398,0.2433670163154602
916,0.7554448246955872,0.24455517530441284
917,0.7465268969535828,0.25347310304641724
918,0.754654049873352,0.24534596502780914
919,0.7610354423522949,0.23896458745002747
920,0.7422248125076294,0.2577751874923706
921,0.7282780408859253,0.2717219293117523
922,0.7422167062759399,0.25778329372406006
923,0.7421908974647522,0.2578091025352478
924,0.7320720553398132,0.26792794466018677
925,0.7236542701721191,0.27634572982788086
926,0.7356694936752319,0.26433050632476807
927,0.7324367761611938,0.26756319403648376
928,0.7276890873908997,0.27231091260910034
929,0.7419178485870361,0.25808218121528625
930,0.7465178966522217,0.2534821033477783
931,0.7060774564743042,0.2939225435256958
932,0.6779675483703613,0.3220324218273163
933,0.6682983636856079,0.3317016661167145
934,0.6704254150390625,0.3295745551586151
935,0.6147210001945496,0.38527899980545044
936,0.6284794807434082,0.3715205192565918
937,0.7040941715240479,0.29590582847595215
938,0.609409511089325,0.39059048891067505
939,0.5783679485321045,0.4216320514678955
940,0.3965667486190796,0.6034332513809204
941,0.4612027406692505,0.5387972593307495
942,0.5583282709121704,0.4416716992855072
943,0.5368220806121826,0.4631779193878174
944,0.6248331069946289,0.3751669228076935
945,0.31297773122787476,0.6870222687721252
946,0.29345107078552246,0.7065489292144775
947,0.7440884113311768,0.25591155886650085
948,0.7552816867828369,0.2447182834148407
949,0.7507960796356201,0.24920395016670227
950,0.7656038999557495,0.23439611494541168
951,0.7705185413360596,0.22948144376277924
952,0.7455145716667175,0.25448542833328247
953,0.7607210278511047,0.23927895724773407
954,0.7467951774597168,0.2532048225402832
955,0.7519956827163696,0.24800434708595276
956,0.7484822869300842,0.25151771306991577
957,0.7478680610656738,0.2521319091320038
958,0.7471605539321899,0.25283947587013245
959,0.7483866214752197,0.2516133785247803
960,0.7456414699554443,0.25435855984687805
961,0.7519187331199646,0.2480812668800354
962,0.7481646537780762,0.25183531641960144
963,0.7461333870887756,0.25386661291122437
964,0.7426501512527466,0.2573498487472534
965,0.7478368282318115,0.2521631419658661
966,0.7492680549621582,0.2507319152355194
967,0.751206636428833,0.248793363571167
968,0.749062180519104,0.250937819480896
969,0.7646227478981018,0.2353772521018982
970,0.7461053133010864,0.25389471650123596
971,0.7491987347602844,0.2508012652397156
972,0.7591631412506104,0.24083688855171204
973,0.7454617619514465,0.25453823804855347
974,0.749813437461853,0.250186562538147
975,0.7513580322265625,0.2486419677734375
976,0.7515247464179993,0.24847526848316193
977,0.7524687647819519,0.2475312203168869
978,0.7559525370597839,0.24404747784137726
979,0.7543604373931885,0.24563954770565033
980,0.7526547908782959,0.2473452240228653
981,0.7518813610076904,0.24811865389347076
982,0.7530157566070557,0.24698422849178314
983,0.7534095644950867,0.24659043550491333
984,0.7536731958389282,0.24632678925991058
985,0.7554697394371033,0.24453026056289673
986,0.7554333209991455,0.2445666491985321
987,0.7567216157913208,0.2432783842086792
988,0.759239912033081,0.24076011776924133
989,0.7545559406280518,0.24544408917427063
990,0.7515053749084473,0.24849461019039154
991,0.7753589153289795,0.22464105486869812
992,0.7844723463058472,0.21552765369415283
993,0.7882756590843201,0.21172435581684113
994,0.7856647968292236,0.21433523297309875
995,0.7837409973144531,0.2162589728832245
996,0.7855972051620483,0.21440276503562927
997,0.7684046626091003,0.23159535229206085
998,0.776242733001709,0.2237572968006134
999,0.7766952514648438,0.22330474853515625
1000,0.7810500860214233,0.21894989907741547
1001,0.7629865407943726,0.23701342940330505
1002,0.7597473859786987,0.24025259912014008
1003,0.7624056935310364,0.23759430646896362
1004,0.7747066020965576,0.22529339790344238
1005,0.7616640329360962,0.23833593726158142
1006,0.7618504762649536,0.238149493932724
1007,0.7571946978569031,0.24280531704425812
1008,0.7660735845565796,0.2339264154434204
1009,0.7693153023719788,0.23068471252918243
1010,0.7675902843475342,0.23240971565246582
1011,0.7652198076248169,0.2347802221775055
1012,0.7693281769752502,0.23067182302474976
1013,0.7697125673294067,0.23028740286827087
1014,0.7683040499687195,0.23169595003128052
1015,0.767227828502655,0.23277215659618378
1016,0.775387167930603,0.22461281716823578
1017,0.7697656154632568,0.23023441433906555
1018,0.7671046257019043,0.2328953891992569
1019,0.7664183378219604,0.23358164727687836
1020,0.7585585713386536,0.24144141376018524
1021,0.7517114877700806,0.24828848242759705
1022,0.7539565563201904,0.24604344367980957
1023,0.7600686550140381,0.2399313598871231
1024,0.7637569308280945,0.23624306917190552
1025,0.7643990516662598,0.23560097813606262
1026,0.7681041359901428,0.23189586400985718
1027,0.7687963843345642,0.2312036156654358
1028,0.7949477434158325,0.20505225658416748
1029,0.7939261794090271,0.2060738056898117
1030,0.7831226587295532,0.21687737107276917
1031,0.7857940793037415,0.21420590579509735
1032,0.7716108560562134,0.22838915884494781
1033,0.7743306756019592,0.22566933929920197
1034,0.7696784138679504,0.23032160103321075
1035,0.7674055099487305,0.23259451985359192
1036,0.7701733112335205,0.22982670366764069
1037,0.769820511341095,0.23017950356006622
1038,0.7689465284347534,0.23105347156524658
1039,0.7651950120925903,0.23480501770973206
1040,0.7600603699684143,0.2399396300315857
1041,0.7491062879562378,0.2508937120437622
1042,0.7550112009048462,0.2449887990951538
1043,0.7643287181854248,0.2356712520122528
1044,0.7628430724143982,0.237156942486763
1045,0.7604366540908813,0.23956336081027985
1046,0.7623056173324585,0.2376944124698639
1047,0.7612345814704895,0.2387654185295105
1048,0.7600892782211304,0.23991073668003082
1049,0.7634880542755127,0.2365119606256485
1050,0.7639199495315552,0.23608005046844482
1051,0.7681758999824524,0.2318241000175476
1052,0.7679495811462402,0.23205041885375977
1053,0.7708439230918884,0.22915607690811157
1054,0.7648971080780029,0.23510289192199707
1055,0.7622427940368652,0.23775719106197357
1056,0.7621914148330688,0.23780861496925354
1057,0.7630305290222168,0.2369694858789444
1058,0.7666947841644287,0.23330524563789368
1059,0.764392077922821,0.23560793697834015
1060,0.7674329876899719,0.23256699740886688
1061,0.7654433250427246,0.23455670475959778
1062,0.7654549479484558,0.2345450520515442
1063,0.7660884857177734,0.23391152918338776
1064,0.7640947103500366,0.23590531945228577
1065,0.7629664540290833,0.23703354597091675
1066,0.7617291212081909,0.23827087879180908
1067,0.7617580890655518,0.23824189603328705
1068,0.7617440819740295,0.23825593292713165
1069,0.7603444457054138,0.23965555429458618
1070,0.7585737705230713,0.24142619967460632
1071,0.7589040398597717,0.24109596014022827
1072,0.7571871280670166,0.242812842130661
1073,0.7548775672912598,0.24512240290641785
1074,0.748964786529541,0.251035213470459
1075,0.7455503940582275,0.25444963574409485
1076,0.749010443687439,0.25098952651023865
1077,0.7549424767494202,0.24505750834941864
1078,0.7393590807914734,0.2606409192085266
1079,0.7306181192398071,0.26938188076019287
1080,0.7257208824157715,0.2742791473865509
1081,0.7276407480239868,0.2723592519760132
1082,0.7348021268844604,0.26519784331321716
1083,0.7192153930664062,0.28078460693359375
1084,0.7224745154380798,0.27752548456192017
1085,0.7188975811004639,0.28110238909721375
1086,0.7183191180229187,0.2816808819770813
1087,0.7160161733627319,0.28398382663726807
1088,0.6995934247970581,0.3004066050052643
1089,0.6631121635437012,0.33688783645629883
1090,0.6152675151824951,0.38473251461982727
1091,0.6448835134506226,0.35511648654937744
1092,0.666240394115448,0.333759605884552
1093,0.6390191912651062,0.3609808087348938
1094,0.6279605627059937,0.37203943729400635
1095,0.5448735952377319,0.45512640476226807
1096,0.507460355758667,0.4925396740436554
1097,0.3854503631591797,0.6145496368408203
1098,0.3606983423233032,0.6393016576766968
1099,0.3717566132545471,0.6282433867454529
1100,0.3239831328392029,0.6760168671607971
1101,0.3360949158668518,0.6639050841331482
1102,0.33377522230148315,0.6662247776985168
1103,0.36408400535583496,0.635915994644165
1104,0.3457579016685486,0.6542420983314514
1105,0.32096660137176514,0.6790333986282349
1106,0.32961559295654297,0.670384407043457
1107,0.3300948739051819,0.6699051260948181
1108,0.3530009984970093,0.6469990015029907
1109,0.35377800464630127,0.6462219953536987
1110,0.32142412662506104,0.678575873374939
1111,0.3132716417312622,0.6867283582687378
1112,0.2907513976097107,0.7092486023902893
1113,0.24468368291854858,0.7553163170814514
1114,0.2622734308242798,0.7377265691757202
1115,0.27923834323883057,0.7207616567611694
1116,0.24970662593841553,0.7502933740615845
1117,0.24667656421661377,0.7533234357833862
1118,0.26095497608184814,0.7390450239181519
1119,0.24228495359420776,0.7577150464057922
1120,0.28296542167663574,0.7170345783233643
1121,0.27421075105667114,0.7257892489433289
1122,0.27900344133377075,0.7209965586662292
1123,0.27243733406066895,0.727562665939331
1124,0.30436408519744873,0.6956359148025513
1125,0.31209367513656616,0.6879063248634338
1126,0.7510226964950562,0.24897727370262146
1127,0.7468385696411133,0.25316140055656433
1128,0.7440556883811951,0.25594431161880493
1129,0.7565997838973999,0.2434002310037613
1130,0.7560688853263855,0.2439310997724533
1131,0.7548761367797852,0.24512387812137604
1132,0.7665970325469971,0.23340299725532532
1133,0.7706917524337769,0.22930826246738434
1134,0.7610746026039124,0.23892538249492645
1135,0.741631031036377,0.25836893916130066
1136,0.7518434524536133,0.24815651774406433
1137,0.7472944259643555,0.25270557403564453
1138,0.749137282371521,0.2508626878261566
1139,0.7497435212135315,0.2502564787864685
1140,0.7461381554603577,0.25386184453964233
1141,0.7448416352272034,0.25515836477279663
1142,0.7466239929199219,0.2533760070800781
1143,0.7389510869979858,0.26104894280433655
1144,0.7426762580871582,0.2573237717151642
1145,0.742496132850647,0.257503867149353
1146,0.7470875382423401,0.2529124617576599
1147,0.7474177479743958,0.25258225202560425
1148,0.7469719648361206,0.2530280649662018
1149,0.7490187883377075,0.2509812116622925
1150,0.7495511174201965,0.25044888257980347
1151,0.7475728392601013,0.2524271607398987
1152,0.751542329788208,0.24845770001411438
1153,0.7451812028884888,0.25481876730918884
1154,0.7446463108062744,0.255353718996048
1155,0.743687093257904,0.25631290674209595
1156,0.7452433109283447,0.2547566890716553
1157,0.7469047904014587,0.25309520959854126
1158,0.7518895268440247,0.24811047315597534
1159,0.7527009844779968,0.24729900062084198
1160,0.7490740418434143,0.2509259581565857
1161,0.7503706812858582,0.24962933361530304
1162,0.7500370740890503,0.2499629557132721
1163,0.7456063628196716,0.25439363718032837
1164,0.7523765563964844,0.24762342870235443
1165,0.7535057067871094,0.24649427831172943
1166,0.7533004283905029,0.24669955670833588
1167,0.7587680816650391,0.24123188853263855
1168,0.7585646510124207,0.24143533408641815
1169,0.7602770328521729,0.23972296714782715
1170,0.7548943161964417,0.24510566890239716
1171,0.7540899515151978,0.24591004848480225
1172,0.7603926062583923,0.23960739374160767
1173,0.7589966058731079,0.2410033792257309
1174,0.7601814270019531,0.23981860280036926
1175,0.7683699131011963,0.23163005709648132
1176,0.7713034152984619,0.2286965548992157
1177,0.7679163813591003,0.23208361864089966
1178,0.767540693283081,0.23245929181575775
1179,0.7766696214675903,0.22333037853240967
1180,0.7734695076942444,0.22653049230575562
1181,0.7741023302078247,0.2258976846933365
1182,0.7576397061347961,0.24236030876636505
1183,0.7585513591766357,0.24144864082336426
1184,0.7577114701271057,0.2422885298728943
1185,0.7747564911842346,0.22524352371692657
1186,0.7761706113815308,0.22382935881614685
1187,0.7572410702705383,0.24275894463062286
1188,0.7627469301223755,0.23725304007530212
1189,0.7730708122253418,0.22692915797233582
1190,0.7657053470611572,0.23429466784000397
1191,0.7638649940490723,0.23613503575325012
1192,0.7624000906944275,0.2375999093055725
1193,0.7690718173980713,0.2309281826019287
1194,0.7679195404052734,0.23208048939704895
1195,0.7677432894706726,0.2322567105293274
1196,0.7681639194488525,0.23183609545230865
1197,0.7789074182510376,0.2210926115512848
1198,0.7800354361534119,0.21996457874774933
1199,0.7782953977584839,0.22170457243919373
1200,0.7610056400299072,0.23899438977241516
1201,0.7769947052001953,0.2230052798986435
1202,0.762886643409729,0.237113356590271
1203,0.7536816000938416,0.24631841480731964
1204,0.7560679912567139,0.24393197894096375
1205,0.7565528750419617,0.24344712495803833
1206,0.7627874612808228,0.23721252381801605
1207,0.7572488784790039,0.2427511215209961
1208,0.7660967707633972,0.23390322923660278
1209,0.767294704914093,0.23270530998706818
1210,0.765539824962616,0.23446017503738403
1211,0.7715421915054321,0.22845779359340668
1212,0.7725238800048828,0.227476105093956
1213,0.7729976773262024,0.2270023375749588
1214,0.7687656879425049,0.23123428225517273
1215,0.7689336538314819,0.23106636106967926
1216,0.768372118473053,0.23162786662578583
1217,0.7656607627868652,0.23433925211429596
1218,0.7689412832260132,0.2310587465763092
1219,0.770255982875824,0.22974403202533722
1220,0.7678625583648682,0.23213742673397064
1221,0.7657269835472107,0.2342730015516281
1222,0.7527446150779724,0.24725539982318878
1223,0.756156325340271,0.24384364485740662
1224,0.759187638759613,0.24081236124038696
1225,0.7650829553604126,0.2349170446395874
1226,0.7611208558082581,0.23887914419174194
1227,0.7623785734176636,0.23762139678001404
1228,0.7611604332923889,0.23883956670761108
1229,0.7629656791687012,0.23703430593013763
1230,0.7644904851913452,0.23550952970981598
1231,0.7656076550483704,0.23439233005046844
1232,0.764494776725769,0.23550523817539215
1233,0.764553427696228,0.23544657230377197
1234,0.7643144130706787,0.23568561673164368
1235,0.7562172412872314,0.24378277361392975
1236,0.7618877291679382,0.23811227083206177
1237,0.7606464624404907,0.23935353755950928
1238,0.7640377283096313,0.23596230149269104
1239,0.7623439431190491,0.23765605688095093
1240,0.762761116027832,0.23723885416984558
1241,0.7662533521652222,0.23374666273593903
1242,0.7662075757980347,0.23379243910312653
1243,0.7648335695266724,0.23516643047332764
1244,0.7644314765930176,0.2355685532093048
1245,0.7633397579193115,0.23666022717952728
1246,0.7609062194824219,0.23909378051757812
1247,0.7575755715370178,0.24242441356182098
1248,0.7578953504562378,0.2421046793460846
1249,0.7585732340812683,0.2414267659187317
1250,0.7597589492797852,0.24024108052253723
1251,0.760083019733429,0.23991698026657104
1252,0.7596947550773621,0.24030523002147675
1253,0.7576606273651123,0.2423393875360489
1254,0.7564315795898438,0.24356843531131744
1255,0.757344126701355,0.24265584349632263
1256,0.7569254040718079,0.24307461082935333
1257,0.7562509775161743,0.24374903738498688
1258,0.7590574026107788,0.24094262719154358
1259,0.7547378540039062,0.24526217579841614
1260,0.7474413514137268,0.2525586485862732
1261,0.7390682697296143,0.26093176007270813
1262,0.7357134222984314,0.2642865777015686
1263,0.7435091733932495,0.2564907968044281
1264,0.7391445636749268,0.26085540652275085
1265,0.7340619564056396,0.26593801379203796
1266,0.7299761176109314,0.2700238823890686
1267,0.7384142279624939,0.2615857720375061
1268,0.7265381217002869,0.27346187829971313
1269,0.7301697731018066,0.26983019709587097
1270,0.7271136045455933,0.2728864252567291
1271,0.7217601537704468,0.2782398760318756
1272,0.7093629837036133,0.2906370460987091
1273,0.7374489903450012,0.2625510096549988
1274,0.6963080167770386,0.3036920130252838
1275,0.6614553928375244,0.3385445773601532
1276,0.5702790021896362,0.42972099781036377
1277,0.5765399932861328,0.4234600067138672
1278,0.5347580909729004,0.465241938829422
1279,0.48426002264022827,0.5157399773597717
1280,0.40317302942276,0.59682697057724
1281,0.341477632522583,0.658522367477417
1282,0.33845221996307373,0.6615477800369263
1283,0.343853235244751,0.656146764755249
1284,0.3164576292037964,0.6835423707962036
1285,0.34018075466156006,0.6598192453384399
1286,0.3243812322616577,0.6756187677383423
1287,0.33072417974472046,0.6692758202552795
1288,0.3627045750617981,0.6372954249382019
1289,0.352209210395813,0.647790789604187
1290,0.37987780570983887,0.6201221942901611
1291,0.3404346704483032,0.6595653295516968
1292,0.3337581157684326,0.6662418842315674
1293,0.31048834323883057,0.6895116567611694
1294,0.2758868336677551,0.7241131663322449
1295,0.26967930793762207,0.7303206920623779
1296,0.2599979043006897,0.7400020956993103
1297,0.2744940519332886,0.7255059480667114
1298,0.2571815848350525,0.7428184151649475
1299,0.2659797668457031,0.7340202331542969
1300,0.2549961805343628,0.7450038194656372
1301,0.2715386748313904,0.7284613251686096
1302,0.2621845602989197,0.7378154397010803
1303,0.275099515914917,0.724900484085083
1304,0.2765182852745056,0.7234817147254944
1305,0.299105167388916,0.700894832611084
1306,0.3036709427833557,0.6963290572166443
1307,0.738599419593811,0.2614005506038666
1308,0.742363452911377,0.25763654708862305
1309,0.7479282021522522,0.2520717978477478
1310,0.7487541437149048,0.2512458264827728
1311,0.7428858280181885,0.25711414217948914
1312,0.7438031435012817,0.25619688630104065
1313,0.7505883574485779,0.24941162765026093
1314,0.74675452709198,0.25324547290802
1315,0.7454289197921753,0.2545711100101471
1316,0.7457111477851868,0.25428885221481323
1317,0.7433111667633057,0.25668883323669434
1318,0.7448422908782959,0.2551577091217041
1319,0.7448673844337463,0.25513261556625366
1320,0.7435581684112549,0.25644180178642273
1321,0.7501105070114136,0.24988949298858643
1322,0.7539322972297668,0.24606771767139435
1323,0.7517565488815308,0.24824348092079163
1324,0.7532592415809631,0.24674074351787567
1325,0.7558179497718811,0.2441820651292801
1326,0.7494837045669556,0.25051629543304443
1327,0.7495420575141907,0.2504579424858093
1328,0.7554524540901184,0.2445475459098816
1329,0.7696359157562256,0.23036408424377441
1330,0.7568038702011108,0.24319615960121155
1331,0.7561547756195068,0.24384523928165436
1332,0.7557336091995239,0.24426639080047607
1333,0.7525765895843506,0.2474234402179718
1334,0.750556230545044,0.24944379925727844
1335,0.7562848329544067,0.24371513724327087
1336,0.7548320889472961,0.24516792595386505
1337,0.7584246397018433,0.24157534539699554
1338,0.7576122879981995,0.24238772690296173
1339,0.7570210695266724,0.24297896027565002
1340,0.7576172351837158,0.2423827350139618
1341,0.7764432430267334,0.223556786775589
1342,0.7724652290344238,0.22753478586673737
1343,0.7728466391563416,0.22715336084365845
1344,0.7657630443572998,0.2342369556427002
1345,0.7517470121383667,0.2482529580593109
1346,0.7574349641799927,0.24256503582000732
1347,0.7551430463790894,0.24485695362091064
1348,0.7645618915557861,0.23543810844421387
1349,0.7654742002487183,0.23452579975128174
1350,0.748081624507904,0.25191837549209595
1351,0.7469476461410522,0.25305238366127014
1352,0.7502356171607971,0.24976438283920288
1353,0.7503002882003784,0.2496996819972992
1354,0.7543824911117554,0.24561750888824463
1355,0.754359245300293,0.24564073979854584
1356,0.7726237177848816,0.22737626731395721
1357,0.7774190902709961,0.2225809097290039
1358,0.7807376980781555,0.2192622870206833
1359,0.7798314094543457,0.2201685905456543
1360,0.7786159515380859,0.22138407826423645
1361,0.7668732404708862,0.23312674462795258
1362,0.7655618190765381,0.2344381958246231
1363,0.7595887184143066,0.24041126668453217
1364,0.7768673300743103,0.2231326848268509
1365,0.7782467603683472,0.22175325453281403
1366,0.7735624313354492,0.2264375388622284
1367,0.7587175965309143,0.2412823885679245
1368,0.7618585228919983,0.2381414920091629
1369,0.7639703154563904,0.23602966964244843
1370,0.7618458867073059,0.2381541132926941
1371,0.7617120146751404,0.23828797042369843
1372,0.7640233039855957,0.2359766662120819
1373,0.7761588096618652,0.22384122014045715
1374,0.7637845277786255,0.23621544241905212
1375,0.7687551975250244,0.23124483227729797
1376,0.7649931907653809,0.23500679433345795
1377,0.7824965715408325,0.2175033986568451
1378,0.7745476365089417,0.22545236349105835
1379,0.7757869362831116,0.22421306371688843
1380,0.7720545530319214,0.22794543206691742
1381,0.7715983390808105,0.22840166091918945
1382,0.7704511880874634,0.229548841714859
1383,0.7789934873580933,0.22100651264190674
1384,0.7789525389671326,0.22104744613170624
1385,0.7638278007507324,0.2361721694469452
1386,0.7634875774383545,0.2365124523639679
1387,0.7620869874954224,0.23791298270225525
1388,0.7599172592163086,0.2400827556848526
1389,0.7655128240585327,0.23448717594146729
1390,0.7631585597991943,0.23684147000312805
1391,0.7651926279067993,0.23480740189552307
1392,0.7640316486358643,0.23596836626529694
1393,0.7646440267562866,0.235355943441391
1394,0.7754801511764526,0.22451987862586975
1395,0.7616370916366577,0.2383628785610199
1396,0.7549502849578857,0.24504971504211426
1397,0.7591672539710999,0.24083274602890015
1398,0.7554988861083984,0.24450108408927917
1399,0.7523205280303955,0.2476794570684433
1400,0.7523503303527832,0.24764969944953918
1401,0.7593954801559448,0.24060450494289398
1402,0.7612205743789673,0.23877941071987152
1403,0.7542469501495361,0.24575304985046387
1404,0.7589521408081055,0.24104788899421692
1405,0.7675286531448364,0.23247134685516357
1406,0.7665647268295288,0.23343528807163239
1407,0.7610559463500977,0.23894405364990234
1408,0.7579156756401062,0.2420843094587326
1409,0.7608791589736938,0.23912084102630615
1410,0.7584307193756104,0.24156929552555084
1411,0.7562167048454285,0.24378329515457153
1412,0.7586508989334106,0.24134913086891174
1413,0.7587181925773621,0.24128179252147675
1414,0.7583717107772827,0.2416282594203949
1415,0.7592344284057617,0.2407655417919159
1416,0.7579754590988159,0.24202454090118408
1417,0.7611339092254639,0.23886612057685852
1418,0.760288655757904,0.23971134424209595
1419,0.7634678483009338,0.23653215169906616
1420,0.7712963223457336,0.22870369255542755
1421,0.7520835399627686,0.24791647493839264
1422,0.7690595388412476,0.23094049096107483
1423,0.7528786063194275,0.2471213936805725
1424,0.7489987015724182,0.2510012984275818
1425,0.7500949501991272,0.2499050498008728
1426,0.754859209060669,0.24514076113700867
1427,0.7531806826591492,0.24681933224201202
1428,0.7556654810905457,0.24433453381061554
1429,0.7557071447372437,0.24429288506507874
1430,0.7572309970855713,0.24276897311210632
1431,0.7617709636688232,0.23822903633117676
1432,0.7563692331314087,0.24363073706626892
1433,0.7570019960403442,0.24299800395965576
1434,0.7561807632446289,0.2438192367553711
1435,0.7606880068778992,0.23931200802326202
1436,0.7639238834381104,0.23607614636421204
1437,0.7531496286392212,0.2468504011631012
1438,0.7478182315826416,0.252181738615036
1439,0.7435813546180725,0.2564186453819275
1440,0.7502796053886414,0.24972040951251984
1441,0.7407910823822021,0.25920891761779785
1442,0.7394551038742065,0.26054486632347107
1443,0.7252064943313599,0.2747935354709625
1444,0.7330687046051025,0.26693129539489746
1445,0.7472161054611206,0.2527838945388794
1446,0.7369150519371033,0.26308494806289673
1447,0.7460017204284668,0.2539983093738556
1448,0.7311298847198486,0.26887011528015137
1449,0.6881207823753357,0.3118792176246643
1450,0.6964073181152344,0.3035926818847656
1451,0.7073941230773926,0.2926058769226074
1452,0.7114486694335938,0.28855130076408386
1453,0.7410127520561218,0.2589872479438782
1454,0.7026606798171997,0.2973393499851227
1455,0.7070519328117371,0.29294806718826294
1456,0.7129243612289429,0.28707560896873474
1457,0.6896098852157593,0.31039008498191833
1458,0.6600308418273926,0.3399691879749298
1459,0.6900343894958496,0.3099656105041504
1460,0.6661573648452759,0.3338426649570465
1461,0.7034099102020264,0.29659008979797363
1462,0.6959390640258789,0.3040609359741211
1463,0.6694713234901428,0.3305286765098572
1464,0.4295511245727539,0.5704488754272461
1465,0.4011620879173279,0.5988379120826721
1466,0.6381924152374268,0.36180758476257324
1467,0.6590296030044556,0.34097039699554443
1468,0.30904173851013184,0.6909582614898682
1469,0.2931116223335266,0.7068883776664734
1470,0.7489233016967773,0.25107666850090027
1471,0.7477056980133057,0.2522943317890167
1472,0.7471699118614197,0.2528300881385803
1473,0.7475656867027283,0.25243431329727173
1474,0.7493268847465515,0.2506731152534485
1475,0.74598228931427,0.25401774048805237
1476,0.7502435445785522,0.24975642561912537
1477,0.7531542181968689,0.2468457818031311
1478,0.7559519410133362,0.24404804408550262
1479,0.7510892152786255,0.2489107996225357
1480,0.7480911016464233,0.25190892815589905
1481,0.7509409189224243,0.2490590661764145
1482,0.7498340606689453,0.2501659095287323
1483,0.7478307485580444,0.2521692216396332
1484,0.751305341720581,0.24869468808174133
1485,0.7500326037406921,0.24996741116046906
1486,0.7521564960479736,0.24784351885318756
1487,0.7512891292572021,0.24871085584163666
1488,0.7578823566436768,0.24211761355400085
1489,0.7596490979194641,0.24035091698169708
1490,0.7568418979644775,0.24315810203552246
1491,0.7577170133590698,0.24228298664093018
1492,0.7575807571411133,0.24241921305656433
1493,0.7544369101524353,0.2455630898475647
1494,0.7582211494445801,0.24177882075309753
1495,0.7586425542831421,0.2413574755191803
1496,0.755791187286377,0.24420878291130066
1497,0.7705585956573486,0.22944137454032898
1498,0.7682660818099976,0.23173394799232483
1499,0.7673975825309753,0.23260241746902466
1500,0.777406632900238,0.22259338200092316
1501,0.7791995406150818,0.2208004593849182
1502,0.7736057043075562,0.22639429569244385
1503,0.7692123651504517,0.23078760504722595
1504,0.7688552737236023,0.2311447113752365
1505,0.7573654651641846,0.24263451993465424
1506,0.7557000517845154,0.2442999631166458
1507,0.7656669020652771,0.2343331128358841
1508,0.7547286748886108,0.24527131021022797
1509,0.7668485641479492,0.23315143585205078
1510,0.7663130164146423,0.23368699848651886
1511,0.7675659656524658,0.23243403434753418
1512,0.7727954387664795,0.2272045761346817
1513,0.7531362771987915,0.24686375260353088
1514,0.7504796981811523,0.24952027201652527
1515,0.766819417476654,0.23318058252334595
1516,0.7510474920272827,0.24895253777503967
1517,0.7666890621185303,0.23331093788146973
1518,0.7597230076789856,0.2402769923210144
1519,0.7674298286437988,0.23257018625736237
1520,0.7535800933837891,0.24641989171504974
1521,0.7685744166374207,0.23142559826374054
1522,0.7702246904373169,0.2297752946615219
1523,0.7543478012084961,0.2456522285938263
1524,0.7495315074920654,0.2504684627056122
1525,0.7546338438987732,0.2453661412000656
1526,0.7661598324775696,0.23384015262126923
1527,0.7649437189102173,0.2350562959909439
1528,0.7492408752441406,0.2507591247558594
1529,0.7489047646522522,0.2510952353477478
1530,0.751570463180542,0.248429536819458
1531,0.7519659996032715,0.2480340301990509
1532,0.7540320754051208,0.24596793949604034
1533,0.753574550151825,0.24642544984817505
1534,0.7576630711555481,0.2423369437456131
1535,0.7638692855834961,0.23613068461418152
1536,0.7573007941246033,0.24269922077655792
1537,0.7653616070747375,0.23463837802410126
1538,0.7664673924446106,0.2335326224565506
1539,0.764672040939331,0.23532798886299133
1540,0.7668790221214294,0.23312099277973175
1541,0.7671490907669067,0.23285089433193207
1542,0.7670697569847107,0.2329302579164505
1543,0.7679622173309326,0.23203779757022858
1544,0.7703738808631897,0.2296261340379715
1545,0.7625942230224609,0.23740574717521667
1546,0.7698403000831604,0.2301597148180008
1547,0.7725197076797485,0.22748030722141266
1548,0.7702298164367676,0.2297702133655548
1549,0.7707905769348145,0.22920942306518555
1550,0.7703238129615784,0.22967617213726044
1551,0.7805724143981934,0.21942755579948425
1552,0.7595142722129822,0.24048574268817902
1553,0.7661269307136536,0.23387306928634644
1554,0.7656532526016235,0.23434674739837646
1555,0.767430305480957,0.23256966471672058
1556,0.7601909041404724,0.2398090958595276
1557,0.7581086754798889,0.24189132452011108
1558,0.762243390083313,0.23775658011436462
1559,0.7603412866592407,0.23965874314308167
1560,0.7607468366622925,0.23925314843654633
1561,0.7610551118850708,0.238944873213768
1562,0.7595404386520386,0.24045957624912262
1563,0.7607337832450867,0.23926623165607452
1564,0.7621648907661438,0.237835094332695
1565,0.7560933828353882,0.24390660226345062
1566,0.755862832069397,0.24413715302944183
1567,0.7583965063095093,0.24160349369049072
1568,0.7571824789047241,0.24281752109527588
1569,0.7546718120574951,0.2453281581401825
1570,0.7614503502845764,0.2385496348142624
1571,0.7629282474517822,0.23707172274589539
1572,0.764967679977417,0.2350323349237442
1573,0.769322395324707,0.23067760467529297
1574,0.7721222043037415,0.22787781059741974
1575,0.769043505191803,0.23095647990703583
1576,0.7688295841217041,0.2311704158782959
1577,0.7689406871795654,0.23105934262275696
1578,0.7639845013618469,0.23601551353931427
1579,0.7661639451980591,0.23383603990077972
1580,0.7656737565994263,0.23432621359825134
1581,0.7617624998092651,0.23823750019073486
1582,0.7631270885467529,0.23687289655208588
1583,0.7594149112701416,0.2405850887298584
1584,0.75644451379776,0.2435554713010788
1585,0.7555948495864868,0.2444051206111908
1586,0.759557843208313,0.24044212698936462
1587,0.7659994959831238,0.23400050401687622
1588,0.7668257355690002,0.23317424952983856
1589,0.7674980759620667,0.23250190913677216
1590,0.7584978342056274,0.24150218069553375
1591,0.7663027048110962,0.2336973249912262
1592,0.76247239112854,0.23752762377262115
1593,0.766182005405426,0.23381800949573517
1594,0.7663091421127319,0.23369087278842926
1595,0.7654385566711426,0.23456144332885742
1596,0.7677985429763794,0.23220142722129822
1597,0.7664883136749268,0.23351171612739563
1598,0.7661981582641602,0.23380184173583984
1599,0.7683728337287903,0.23162715137004852
1600,0.7708162069320679,0.22918376326560974
1601,0.7714390754699707,0.2285608947277069
1602,0.769982099533081,0.23001788556575775
1603,0.7602875232696533,0.23971250653266907
1604,0.7551198601722717,0.24488013982772827
1605,0.766133189201355,0.2338668406009674
1606,0.7713364958763123,0.22866348922252655
1607,0.7599725723266602,0.24002741277217865
1608,0.7569151520729065,0.2430848330259323
1609,0.7556143999099731,0.24438560009002686
1610,0.755374550819397,0.24462541937828064
1611,0.7524347305297852,0.24756529927253723
1612,0.7506114840507507,0.24938851594924927
1613,0.7447853684425354,0.2552146315574646
1614,0.7437491416931152,0.25625085830688477
1615,0.7420355081558228,0.25796452164649963
1616,0.7477539777755737,0.25224602222442627
1617,0.7397990226745605,0.26020097732543945
1618,0.7342091798782349,0.2657908499240875
1619,0.733191192150116,0.26680880784988403
1620,0.7420448064804077,0.2579551935195923
1621,0.7293760776519775,0.27062392234802246
1622,0.7405022382736206,0.259497731924057
1623,0.7442259788513184,0.25577399134635925
1624,0.7450262308120728,0.25497376918792725
1625,0.7415035367012024,0.2584964632987976
1626,0.7302809953689575,0.2697189748287201
1627,0.7294826507568359,0.27051737904548645
1628,0.7127057909965515,0.2872942090034485
1629,0.6769712567329407,0.3230287432670593
1630,0.7038551568984985,0.29614484310150146
1631,0.6947861313819885,0.3052138686180115
1632,0.5682152509689331,0.4317847490310669
1633,0.5515050888061523,0.44849494099617004
1634,0.46424269676208496,0.535757303237915
1635,0.517629861831665,0.4823701083660126
1636,0.6904670000076294,0.309533029794693
1637,0.6919512748718262,0.30804872512817383
1638,0.2802999019622803,0.7197000980377197
1639,0.2738276720046997,0.7261723279953003
1640,0.7537076473236084,0.2462923228740692
1641,0.7536879777908325,0.2463119924068451
1642,0.7542137503623962,0.24578624963760376
1643,0.7529337406158447,0.24706628918647766
1644,0.7562195062637329,0.2437804639339447
1645,0.7568762898445129,0.24312371015548706
1646,0.7564467787742615,0.24355320632457733
1647,0.7553384304046631,0.2446615993976593
1648,0.7572410106658936,0.24275897443294525
1649,0.7550150156021118,0.24498498439788818
1650,0.7572159171104431,0.24278408288955688
1651,0.7560422420501709,0.2439577877521515
1652,0.7565842866897583,0.2434156835079193
1653,0.7551125884056091,0.24488742649555206
1654,0.7572808265686035,0.24271917343139648
1655,0.7573167085647583,0.2426832914352417
1656,0.7610177993774414,0.23898223042488098
1657,0.7593936324119568,0.24060635268688202
1658,0.7607738971710205,0.23922611773014069
1659,0.7571777105331421,0.24282227456569672
1660,0.7557408809661865,0.2442590892314911
1661,0.7681787610054016,0.2318212240934372
1662,0.7902439832687378,0.20975598692893982
1663,0.790096640586853,0.20990335941314697
1664,0.7899200320243835,0.21007998287677765
1665,0.7861388325691223,0.21386118233203888
1666,0.7891401052474976,0.21085992455482483
1667,0.7893040776252747,0.21069593727588654
1668,0.7912775278091431,0.20872247219085693
1669,0.7900096774101257,0.20999030768871307
1670,0.8006618022918701,0.19933819770812988
1671,0.7982950210571289,0.2017049938440323
1672,0.8013995885848999,0.1986004114151001
1673,0.7972421646118164,0.2027578204870224
1674,0.8014521598815918,0.198547825217247
1675,0.8016828894615173,0.19831711053848267
1676,0.8001350164413452,0.19986498355865479
1677,0.7876029014587402,0.21239706873893738
1678,0.7860422134399414,0.2139577716588974
1679,0.7960720062255859,0.20392799377441406
1680,0.7894318699836731,0.2105681449174881
1681,0.7814823985099792,0.21851758658885956
1682,0.7814276218414307,0.21857236325740814
1683,0.7864232063293457,0.2135767638683319
1684,0.7807724475860596,0.21922755241394043
1685,0.7869405746459961,0.21305939555168152
1686,0.7830045223236084,0.216995507478714
1687,0.784196138381958,0.21580389142036438
1688,0.7726351022720337,0.22736486792564392
1689,0.7699986696243286,0.2300013154745102
1690,0.7671303153038025,0.2328696846961975
1691,0.7674046754837036,0.232595294713974
1692,0.7690205574035645,0.23097942769527435
1693,0.7692594528198242,0.2307405173778534
1694,0.7700780034065247,0.22992199659347534
1695,0.7697858810424805,0.23021413385868073
1696,0.7580934762954712,0.2419065237045288
1697,0.7680794596672058,0.23192055523395538
1698,0.775713324546814,0.22428667545318604
1699,0.7833074331283569,0.21669253706932068
1700,0.7944040298461914,0.2055959850549698
1701,0.7888517379760742,0.2111482322216034
1702,0.7955203056335449,0.20447969436645508
1703,0.7923851013183594,0.207614928483963
1704,0.7928026914596558,0.20719727873802185
1705,0.7933548092842102,0.2066451758146286
1706,0.7878915071487427,0.21210849285125732
1707,0.7910840511322021,0.20891594886779785
1708,0.7916940450668335,0.20830592513084412
1709,0.7906088829040527,0.20939114689826965
1710,0.7734470367431641,0.22655297815799713
1711,0.7688748240470886,0.23112519085407257
1712,0.7700226306915283,0.22997735440731049
1713,0.758338212966919,0.24166178703308105
1714,0.7588496208190918,0.2411504089832306
1715,0.7563037872314453,0.24369624257087708
1716,0.7625589370727539,0.2374410778284073
1717,0.7605187892913818,0.23948118090629578
1718,0.7614530324935913,0.2385469675064087
1719,0.7705214619636536,0.22947855293750763
1720,0.7690173983573914,0.23098261654376984
1721,0.7681161761283875,0.23188382387161255
1722,0.7688874006271362,0.23111261427402496
1723,0.7688050866127014,0.2311948984861374
1724,0.7661652565002441,0.23383474349975586
1725,0.7704180479049683,0.22958195209503174
1726,0.7687884569168091,0.23121154308319092
1727,0.770552933216095,0.22944705188274384
1728,0.7693527936935425,0.23064717650413513
1729,0.7766039371490479,0.22339603304862976
1730,0.7665748000144958,0.23342518508434296
1731,0.7635310292243958,0.23646898567676544
1732,0.7620781660079956,0.2379218339920044
1733,0.764469563961029,0.23553045094013214
1734,0.7651126384735107,0.23488734662532806
1735,0.7665063142776489,0.23349367082118988
1736,0.7671412229537964,0.232858806848526
1737,0.7653359174728394,0.23466409742832184
1738,0.764796257019043,0.23520372807979584
1739,0.7641342282295227,0.2358657717704773
1740,0.7636873722076416,0.2363126575946808
1741,0.761776328086853,0.23822364211082458
1742,0.7619416117668152,0.23805837333202362
1743,0.762502908706665,0.23749712109565735
1744,0.7618770599365234,0.23812295496463776
1745,0.7601488828659058,0.23985114693641663
1746,0.7634127140045166,0.236587256193161
1747,0.7619559168815613,0.23804409801959991
1748,0.763385534286499,0.23661449551582336
1749,0.762907087802887,0.23709292709827423
1750,0.7618190050125122,0.23818102478981018
1751,0.7568686604499817,0.2431313544511795
1752,0.7527027726173401,0.2472972273826599
1753,0.7546873092651367,0.24531270563602448
1754,0.7574189901351929,0.24258098006248474
1755,0.7420541644096375,0.25794583559036255
1756,0.7276531457901001,0.2723468244075775
1757,0.7258908748626709,0.2741091251373291
1758,0.7257778644561768,0.27422210574150085
1759,0.7125935554504395,0.28740644454956055
1760,0.7014997005462646,0.29850032925605774
1761,0.7180285453796387,0.28197145462036133
1762,0.7099802494049072,0.2900197505950928
1763,0.699749231338501,0.300250768661499
1764,0.7034713625907898,0.2965286374092102
1765,0.7075165510177612,0.29248347878456116
1766,0.6725755929946899,0.32742437720298767
1767,0.6812554597854614,0.3187445402145386
1768,0.6838169097900391,0.31618306040763855
1769,0.6835170984268188,0.31648290157318115
1770,0.7014822959899902,0.2985176742076874
1771,0.6943095922470093,0.3056904077529907
1772,0.6933621168136597,0.3066379129886627
1773,0.6949325799942017,0.3050674498081207
1774,0.6929410696029663,0.3070589303970337
1775,0.6948003768920898,0.30519959330558777
1776,0.6888172626495361,0.3111827075481415
1777,0.6868147850036621,0.3131852149963379
1778,0.6915927529335022,0.3084072470664978
1779,0.699810266494751,0.300189733505249
1780,0.6821991801261902,0.3178008198738098
1781,0.48853373527526855,0.5114662647247314
1782,0.492645263671875,0.507354736328125
1783,0.4703235626220703,0.5296764373779297
1784,0.48052817583084106,0.5194718241691589
1785,0.4922645092010498,0.5077354907989502
1786,0.48664194345474243,0.5133580565452576
1787,0.4392406940460205,0.5607593059539795
1788,0.40885764360427856,0.5911423563957214
1789,0.42475074529647827,0.5752492547035217
1790,0.41797518730163574,0.5820248126983643
1791,0.3222150206565857,0.6777849793434143
1792,0.32809513807296753,0.6719048619270325
1793,0.31837981939315796,0.681620180606842
1794,0.2961176633834839,0.7038823366165161
1795,0.3111177682876587,0.6888822317123413
1796,0.2911876440048218,0.7088123559951782
1797,0.3138296604156494,0.6861703395843506
1798,0.33324939012527466,0.6667506098747253
1799,0.3119277358055115,0.6880722641944885
1800,0.3055535554885864,0.6944464445114136
1801,0.2932361364364624,0.7067638635635376
1802,0.7535091638565063,0.24649086594581604
1803,0.7596672773361206,0.240332692861557
1804,0.7592827677726746,0.24071724712848663
1805,0.7582717537879944,0.24172824621200562
1806,0.7532720565795898,0.24672791361808777
1807,0.7538662552833557,0.2461337447166443
1808,0.7564696073532104,0.24353042244911194
1809,0.7554015517234802,0.24459844827651978
1810,0.7550825476646423,0.24491745233535767
1811,0.7565224170684814,0.24347755312919617
1812,0.750324010848999,0.24967600405216217
1813,0.7460607290267944,0.2539392411708832
1814,0.752220630645752,0.24777939915657043
1815,0.7529898285865784,0.24701015651226044
1816,0.7509437203407288,0.24905627965927124
1817,0.7543563842773438,0.24564361572265625
1818,0.7589520812034607,0.2410479336977005
1819,0.7592206001281738,0.24077937006950378
1820,0.7580565810203552,0.24194343388080597
1821,0.7513226270675659,0.24867740273475647
1822,0.7521445155143738,0.24785548448562622
1823,0.7460535764694214,0.253946453332901
1824,0.7592238783836365,0.24077613651752472
1825,0.764253556728363,0.23574644327163696
1826,0.7661632895469666,0.23383672535419464
1827,0.7699233889579773,0.2300766259431839
1828,0.7662029266357422,0.2337971031665802
1829,0.748577356338501,0.2514226734638214
1830,0.7507648468017578,0.2492351233959198
1831,0.7523093223571777,0.24769070744514465
1832,0.7632023692131042,0.23679763078689575
1833,0.7569056749343872,0.2430943101644516
1834,0.777538537979126,0.2224614918231964
1835,0.7804222106933594,0.21957777440547943
1836,0.7670454382896423,0.23295457661151886
1837,0.7807840704917908,0.21921592950820923
1838,0.7657262086868286,0.2342737764120102
1839,0.752820611000061,0.24717935919761658
1840,0.7535983920097351,0.2464015930891037
1841,0.7542851567268372,0.24571482837200165
1842,0.7545066475868225,0.2454933375120163
1843,0.7543903589248657,0.24560962617397308
1844,0.7530380487442017,0.24696192145347595
1845,0.7609983682632446,0.23900166153907776
1846,0.7569724917411804,0.24302752315998077
1847,0.756235659122467,0.24376434087753296
1848,0.7553553581237793,0.2446446567773819
1849,0.7600122690200806,0.23998773097991943
1850,0.7579794526100159,0.24202054738998413
1851,0.7575556039810181,0.24244439601898193
1852,0.7583920955657959,0.2416079044342041
1853,0.7598102688789368,0.24018973112106323
1854,0.7619737386703491,0.2380262315273285
1855,0.767922043800354,0.232077956199646
1856,0.7655891180038452,0.23441089689731598
1857,0.7653703689575195,0.23462961614131927
1858,0.7649769186973572,0.23502306640148163
1859,0.7654860615730286,0.23451395332813263
1860,0.7678067088127136,0.23219330608844757
1861,0.7751444578170776,0.22485554218292236
1862,0.7851235866546631,0.21487638354301453
1863,0.786063551902771,0.21393641829490662
1864,0.7910833954811096,0.20891660451889038
1865,0.7910645008087158,0.20893552899360657
1866,0.7898550033569336,0.2101450115442276
1867,0.7897353768348694,0.21026460826396942
1868,0.7857828140258789,0.2142171710729599
1869,0.784472644329071,0.21552734076976776
1870,0.7850714921951294,0.2149284929037094
1871,0.7868748903274536,0.21312512457370758
1872,0.7897054553031921,0.21029454469680786
1873,0.7881369590759277,0.21186301112174988
1874,0.7745819091796875,0.2254181057214737
1875,0.7845788598060608,0.21542112529277802
1876,0.7742207050323486,0.22577932476997375
1877,0.7751564979553223,0.22484347224235535
1878,0.7772799730300903,0.22271999716758728
1879,0.7762937545776367,0.22370626032352448
1880,0.7727210521697998,0.2272789478302002
1881,0.7708923816680908,0.22910760343074799
1882,0.7701209783554077,0.22987903654575348
1883,0.7719939351081848,0.228006049990654
1884,0.7753759026527405,0.22462409734725952
1885,0.7750793695449829,0.2249206304550171
1886,0.7782808542251587,0.2217191755771637
1887,0.7783445119857788,0.2216554582118988
1888,0.7776438593864441,0.22235612571239471
1889,0.7789875268936157,0.22101247310638428
1890,0.7805894613265991,0.21941056847572327
1891,0.7801055908203125,0.2198943793773651
1892,0.7768949270248413,0.22310508787631989
1893,0.7763023376464844,0.223697692155838
1894,0.7773767709732056,0.22262319922447205
1895,0.7763967514038086,0.22360321879386902
1896,0.7895035147666931,0.21049650013446808
1897,0.7861311435699463,0.21386884152889252
1898,0.7875744700431824,0.21242554485797882
1899,0.7882224321365356,0.21177756786346436
1900,0.7756799459457397,0.22432005405426025
1901,0.788467288017273,0.21153268218040466
1902,0.7821100950241089,0.21788989007472992
1903,0.7871189713478088,0.21288102865219116
1904,0.7858926653862,0.21410731971263885
1905,0.7931358218193054,0.2068641632795334
1906,0.795185923576355,0.20481407642364502
1907,0.7965349555015564,0.2034650444984436
1908,0.7874932289123535,0.21250680088996887
1909,0.788687527179718,0.21131247282028198
1910,0.7871752977371216,0.2128247171640396
1911,0.771012544631958,0.22898748517036438
1912,0.7692186236381531,0.23078137636184692
1913,0.7556427717208862,0.24435722827911377
1914,0.7487704753875732,0.25122955441474915
1915,0.7464398741722107,0.2535601258277893
1916,0.758770227432251,0.24122975766658783
1917,0.758355975151062,0.24164403975009918
1918,0.7612088918685913,0.2387910783290863
1919,0.789219319820404,0.21078066527843475
1920,0.7917641401290894,0.20823584496974945
1921,0.7814421653747559,0.21855786442756653
1922,0.782422661781311,0.21757733821868896
1923,0.7889760732650757,0.21102389693260193
1924,0.7900756597518921,0.2099243402481079
1925,0.7947889566421509,0.20521104335784912
1926,0.7862448692321777,0.21375516057014465
1927,0.7860095500946045,0.2139904499053955
1928,0.7841333150863647,0.21586667001247406
1929,0.7597119212150574,0.24028807878494263
1930,0.7581284046173096,0.24187162518501282
1931,0.7559352517127991,0.24406473338603973
1932,0.7571176290512085,0.2428823709487915
1933,0.7575060129165649,0.24249401688575745
1934,0.7552727460861206,0.2447272688150406
1935,0.7524933218955994,0.24750667810440063
1936,0.7576960921287537,0.24230392277240753
1937,0.7556187510490417,0.24438126385211945
1938,0.7384130954742432,0.2615869343280792
1939,0.7208932042121887,0.2791067957878113
1940,0.699333906173706,0.30066609382629395
1941,0.7130741477012634,0.2869258522987366
1942,0.6824098825454712,0.3175900876522064
1943,0.7200887799263,0.27991122007369995
1944,0.7140108346939087,0.2859891653060913
1945,0.6191425323486328,0.3808574378490448
1946,0.5425517559051514,0.457448273897171
1947,0.5320765972137451,0.46792343258857727
1948,0.535530686378479,0.464469313621521
1949,0.48924243450164795,0.510757565498352
1950,0.4450339674949646,0.5549660325050354
1951,0.3516770601272583,0.6483229398727417
1952,0.3583357334136963,0.6416642665863037
1953,0.3283073902130127,0.6716926097869873
1954,0.30573344230651855,0.6942665576934814
1955,0.29074519872665405,0.709254801273346
1956,0.30414271354675293,0.6958572864532471
1957,0.32551175355911255,0.6744882464408875
1958,0.31392520666122437,0.6860747933387756
1959,0.31696128845214844,0.6830387115478516
1960,0.32057976722717285,0.6794202327728271
1961,0.2964339256286621,0.7035660743713379
1962,0.29821163415908813,0.7017883658409119
1963,0.274968683719635,0.725031316280365
1964,0.26467370986938477,0.7353262901306152
1965,0.2664022445678711,0.7335977554321289
1966,0.2634371519088745,0.7365628480911255
1967,0.27165722846984863,0.7283427715301514
1968,0.2693069577217102,0.7306930422782898
1969,0.2679799199104309,0.7320200800895691
1970,0.25898313522338867,0.7410168647766113
1971,0.2590181231498718,0.7409818768501282
1972,0.2631874084472656,0.7368125915527344
1973,0.27307605743408203,0.726923942565918
1974,0.2921590209007263,0.7078409790992737
1975,0.2749459147453308,0.7250540852546692
1976,0.31449711322784424,0.6855028867721558
1977,0.2875368595123291,0.7124631404876709
1978,0.2904703617095947,0.7095296382904053
1979,0.25369948148727417,0.7463005185127258
1980,0.2472294569015503,0.7527705430984497
1981,0.2571789026260376,0.7428210973739624
1982,0.25228601694107056,0.7477139830589294
1983,0.24922549724578857,0.7507745027542114
1984,0.24935978651046753,0.7506402134895325
1985,0.2645924687385559,0.7354075312614441
1986,0.2626990079879761,0.7373009920120239
1987,0.2691260576248169,0.7308739423751831
1988,0.26610976457595825,0.7338902354240417
1989,0.24889296293258667,0.7511070370674133
1990,0.2557252049446106,0.7442747950553894
1991,0.2497577667236328,0.7502422332763672
1992,0.2579929232597351,0.7420070767402649
1993,0.2577139139175415,0.7422860860824585
1994,0.2504127025604248,0.7495872974395752
1995,0.256799578666687,0.743200421333313
1996,0.2468319535255432,0.7531680464744568
1997,0.24826037883758545,0.7517396211624146
1998,0.2481953501701355,0.7518046498298645
1999,0.244032621383667,0.755967378616333
2000,0.24430406093597412,0.7556959390640259
2001,0.26105797290802,0.73894202709198
2002,0.24876976013183594,0.7512302398681641
2003,0.24784934520721436,0.7521506547927856
2004,0.24555981159210205,0.754440188407898
2005,0.242864727973938,0.757135272026062
2006,0.24351578950881958,0.7564842104911804
2007,0.33244961500167847,0.6675503849983215
2008,0.3117990493774414,0.6882009506225586
2009,0.7544717192649841,0.24552826583385468
2010,0.7538132667541504,0.246186763048172
2011,0.7544854879379272,0.24551454186439514
2012,0.7587687969207764,0.24123123288154602
2013,0.769314706325531,0.2306853085756302
2014,0.7552967071533203,0.24470330774784088
2015,0.7493221759796143,0.25067785382270813
2016,0.7564154267311096,0.24358458817005157
2017,0.7558956146240234,0.24410441517829895
2018,0.7571799755096436,0.24282003939151764
2019,0.7555880546569824,0.24441196024417877
2020,0.7549951672554016,0.2450048178434372
2021,0.7557042837142944,0.24429568648338318
2022,0.7571531534194946,0.24284683167934418
2023,0.7565985321998596,0.24340146780014038
2024,0.7570589780807495,0.24294103682041168
2025,0.7554476857185364,0.24455229938030243
2026,0.7558243274688721,0.24417567253112793
2027,0.7587262392044067,0.24127377569675446
2028,0.7600939273834229,0.23990608751773834
2029,0.7569863796234131,0.24301362037658691
2030,0.7596933245658875,0.24030669033527374
2031,0.7592995166778564,0.24070051312446594
2032,0.7565847039222717,0.24341529607772827
2033,0.7568044662475586,0.24319550395011902
2034,0.7582471370697021,0.24175283312797546
2035,0.7592577338218689,0.2407422661781311
2036,0.7565735578536987,0.24342641234397888
2037,0.7598156929016113,0.24018429219722748
2038,0.7607200145721436,0.23928000032901764
2039,0.7582502365112305,0.24174976348876953
2040,0.7735282778739929,0.22647172212600708
2041,0.7729644775390625,0.2270355373620987
2042,0.7734485864639282,0.2265513837337494
2043,0.7611033916473389,0.23889659345149994
2044,0.7595458626747131,0.24045413732528687
2045,0.7589592933654785,0.2410406768321991
2046,0.7646227478981018,0.2353772670030594
2047,0.7653080821037292,0.23469190299510956
2048,0.7599471211433411,0.24005286395549774
2049,0.7653238773345947,0.23467609286308289
2050,0.7741826772689819,0.22581732273101807
2051,0.7747174501419067,0.22528254985809326
2052,0.7749390602111816,0.22506096959114075
2053,0.774024248123169,0.22597573697566986
2054,0.7840118408203125,0.2159881442785263
2055,0.7823550701141357,0.21764491498470306
2056,0.7839718461036682,0.2160281538963318
2057,0.7833940982818604,0.21660590171813965
2058,0.7872313261032104,0.21276865899562836
2059,0.769923985004425,0.23007600009441376
2060,0.7682788372039795,0.2317211627960205
2061,0.7788273692131042,0.22117263078689575
2062,0.7813354134559631,0.21866457164287567
2063,0.7807474136352539,0.2192525565624237
2064,0.7694041132926941,0.23059587180614471
2065,0.7688233852386475,0.23117659986019135
2066,0.769478440284729,0.230521559715271
2067,0.7707414627075195,0.22925856709480286
2068,0.7711321711540222,0.2288678139448166
2069,0.7713282704353333,0.22867171466350555
2070,0.7706847190856934,0.22931529581546783
2071,0.7697516679763794,0.23024830222129822
2072,0.7705649137496948,0.2294350564479828
2073,0.769594132900238,0.23040588200092316
2074,0.7724611759185791,0.2275388389825821
2075,0.7714999318122864,0.22850008308887482
2076,0.7696106433868408,0.23038938641548157
2077,0.7717122435569763,0.22828777134418488
2078,0.7705950736999512,0.22940489649772644
2079,0.7702625393867493,0.22973744571208954
2080,0.78913414478302,0.21086585521697998
2081,0.7764515280723572,0.22354848682880402
2082,0.7885581851005554,0.21144182980060577
2083,0.7935822010040283,0.20641781389713287
2084,0.7887677550315857,0.2112322449684143
2085,0.7883172631263733,0.2116827368736267
2086,0.7885630130767822,0.21143695712089539
2087,0.7900373935699463,0.2099626064300537
2088,0.7905858159065247,0.20941419899463654
2089,0.794560432434082,0.20543956756591797
2090,0.7782312631607056,0.22176875174045563
2091,0.7780122756958008,0.22198769450187683
2092,0.7739078402519226,0.2260921597480774
2093,0.7775646448135376,0.2224353849887848
2094,0.7704784870147705,0.2295215129852295
2095,0.7694629430770874,0.2305370271205902
2096,0.7679377198219299,0.23206228017807007
2097,0.7693639397621155,0.23063604533672333
2098,0.7698928713798523,0.2301071435213089
2099,0.7685384750366211,0.23146149516105652
2100,0.769460916519165,0.23053906857967377
2101,0.7676678895950317,0.23233214020729065
2102,0.7695886492729187,0.2304113507270813
2103,0.7701932191848755,0.2298067808151245
2104,0.7694379091262817,0.23056210577487946
2105,0.7736744284629822,0.22632558643817902
2106,0.775933563709259,0.22406643629074097
2107,0.774410605430603,0.22558937966823578
2108,0.775902509689331,0.22409747540950775
2109,0.769355297088623,0.23064467310905457
2110,0.7680101990699768,0.231989786028862
2111,0.7660109996795654,0.23398901522159576
2112,0.7664872407913208,0.2335127890110016
2113,0.7691004276275635,0.2308996021747589
2114,0.7705981135368347,0.2294018715620041
2115,0.7733321785926819,0.2266678363084793
2116,0.7704290151596069,0.22957095503807068
2117,0.7708643674850464,0.22913560271263123
2118,0.7721567749977112,0.22784323990345
2119,0.7743440866470337,0.2256559133529663
2120,0.7727320194244385,0.22726799547672272
2121,0.7673159837722778,0.23268401622772217
2122,0.7675409317016602,0.23245909810066223
2123,0.7677444815635681,0.23225551843643188
2124,0.7694655060768127,0.23053450882434845
2125,0.772339940071106,0.22766003012657166
2126,0.7707180976867676,0.22928191721439362
2127,0.7717085480690002,0.22829145193099976
2128,0.7745070457458496,0.2254929542541504
2129,0.7690154314041138,0.23098455369472504
2130,0.7689958810806274,0.23100414872169495
2131,0.7721931338310242,0.22780688107013702
2132,0.7718747854232788,0.22812522947788239
2133,0.7700406312942505,0.2299593836069107
2134,0.7705270051956177,0.22947299480438232
2135,0.7662097215652466,0.23379027843475342
2136,0.7676284313201904,0.23237156867980957
2137,0.7746784687042236,0.22532154619693756
2138,0.7670501470565796,0.2329498529434204
2139,0.7655477523803711,0.23445221781730652
2140,0.7637068033218384,0.236293226480484
2141,0.7653458714485168,0.23465414345264435
2142,0.7654764652252197,0.23452351987361908
2143,0.7662323117256165,0.23376768827438354
2144,0.7655133008956909,0.23448671400547028
2145,0.7677326798439026,0.2322673201560974
2146,0.7726653814315796,0.22733458876609802
2147,0.7640916109085083,0.2359083741903305
2148,0.754238486289978,0.24576154351234436
2149,0.766762375831604,0.2332375943660736
2150,0.7683632969856262,0.23163668811321259
2151,0.7646858096122742,0.23531419038772583
2152,0.7566636800765991,0.2433362901210785
2153,0.7504716515541077,0.24952833354473114
2154,0.7495055794715881,0.25049442052841187
2155,0.7478941679000854,0.25210583209991455
2156,0.740842878818512,0.25915712118148804
2157,0.735228419303894,0.26477161049842834
2158,0.6516596674919128,0.34834033250808716
2159,0.6427578926086426,0.3572421371936798
2160,0.613987922668457,0.3860120475292206
2161,0.5424357056617737,0.4575642943382263
2162,0.5186716318130493,0.4813283681869507
2163,0.4803047776222229,0.5196952223777771
2164,0.491923987865448,0.508076012134552
2165,0.489324688911438,0.510675311088562
2166,0.4709143042564392,0.5290856957435608
2167,0.5713951587677002,0.4286048412322998
2168,0.4855577349662781,0.5144422650337219
2169,0.5014103651046753,0.4985896348953247
2170,0.4658360481262207,0.5341639518737793
2171,0.44275331497192383,0.5572466850280762
2172,0.4412047266960144,0.5587952733039856
2173,0.3844563364982605,0.6155436635017395
2174,0.3509567379951477,0.6490432620048523
2175,0.39420467615127563,0.6057953238487244
2176,0.38821637630462646,0.6117836236953735
2177,0.33334624767303467,0.6666537523269653
2178,0.28673452138900757,0.7132654786109924
2179,0.2767742872238159,0.7232257127761841
2180,0.3268091082572937,0.6731908917427063
2181,0.31478989124298096,0.685210108757019
2182,0.3054591417312622,0.6945408582687378
2183,0.32708775997161865,0.6729122400283813
2184,0.3821479082107544,0.6178520917892456
2185,0.3890841007232666,0.6109158992767334
2186,0.757443368434906,0.242556631565094
2187,0.7601764798164368,0.23982350528240204
2188,0.7696652412414551,0.23033475875854492
2189,0.7692267298698425,0.23077327013015747
2190,0.7657665610313416,0.23423343896865845
2191,0.7644587755203247,0.23554125428199768
2192,0.7649557590484619,0.2350442111492157
2193,0.7670431137084961,0.2329569160938263
2194,0.7708998918533325,0.22910010814666748
2195,0.7689418196678162,0.23105816543102264
2196,0.7548308968544006,0.24516911804676056
2197,0.7565008401870728,0.24349913001060486
2198,0.7568178176879883,0.2431822121143341
2199,0.7590005993843079,0.24099940061569214
2200,0.7701789140701294,0.2298210859298706
2201,0.7694698572158813,0.23053014278411865
2202,0.7690112590789795,0.2309887558221817
2203,0.7695528864860535,0.23044709861278534
2204,0.7722724676132202,0.22772754728794098
2205,0.7602494955062866,0.23975053429603577
2206,0.7609356045722961,0.23906439542770386
2207,0.7705172300338745,0.22948279976844788
2208,0.7606521248817444,0.23934786021709442
2209,0.7579314708709717,0.24206852912902832
2210,0.7577500343322754,0.2422499805688858
2211,0.7704951763153076,0.22950482368469238
2212,0.7701820135116577,0.22981800138950348
2213,0.7592929601669312,0.24070702493190765
2214,0.7733676433563232,0.22663232684135437
2215,0.7713194489479065,0.2286805659532547
2216,0.7713620662689209,0.2286379486322403
2217,0.7718465328216553,0.22815349698066711
2218,0.7605628967285156,0.239437073469162
2219,0.7616816759109497,0.2383182942867279
2220,0.7728239893913269,0.2271760106086731
2221,0.7714343667030334,0.22856564819812775
2222,0.7716413736343384,0.228358656167984
2223,0.7700036764144897,0.22999629378318787
2224,0.7698039412498474,0.2301960438489914
2225,0.7587063312530518,0.24129366874694824
2226,0.7592447400093079,0.24075525999069214
2227,0.7596629858016968,0.24033699929714203
2228,0.7576417922973633,0.24235819280147552
2229,0.756882905960083,0.243117094039917
2230,0.7732205390930176,0.22677943110466003
2231,0.777803897857666,0.2221960723400116
2232,0.775753378868103,0.22424662113189697
2233,0.7638170123100281,0.23618300259113312
2234,0.760797917842865,0.23920206725597382
2235,0.766355037689209,0.2336449772119522
2236,0.7738060355186462,0.22619396448135376
2237,0.7681301832199097,0.23186983168125153
2238,0.7683812975883484,0.2316187024116516
2239,0.7713614106178284,0.22863858938217163
2240,0.7706332802772522,0.2293667197227478
2241,0.7712908983230591,0.22870910167694092
2242,0.7717985510826111,0.22820144891738892
2243,0.7714368104934692,0.22856318950653076
2244,0.7716564536094666,0.22834353148937225
2245,0.7712579965591431,0.22874200344085693
2246,0.7716634273529053,0.22833660244941711
2247,0.7762004137039185,0.22379958629608154
2248,0.7727084755897522,0.2272915244102478
2249,0.7724685668945312,0.22753143310546875
2250,0.7728078365325928,0.22719216346740723
2251,0.7722698450088501,0.2277301847934723
2252,0.7707767486572266,0.22922323644161224
2253,0.7701123952865601,0.22988757491111755
2254,0.7731720805168152,0.226827934384346
2255,0.7745329737663269,0.2254670262336731
2256,0.774783730506897,0.22521623969078064
2257,0.7705646753311157,0.22943535447120667
2258,0.7713791728019714,0.22862081229686737
2259,0.7701894044876099,0.22981056571006775
2260,0.7695909142494202,0.23040910065174103
2261,0.7704194188117981,0.2295805960893631
2262,0.7695962190628052,0.23040378093719482
2263,0.7708318829536438,0.2291681319475174
2264,0.776675820350647,0.22332416474819183
2265,0.7770083546638489,0.22299163043498993
2266,0.7727676033973694,0.2272324115037918
2267,0.772757887840271,0.2272421419620514
2268,0.7716480493545532,0.22835193574428558
2269,0.7720156908035278,0.22798427939414978
2270,0.7696227431297302,0.23037725687026978
2271,0.7717918157577515,0.22820815443992615
2272,0.7728641033172607,0.22713591158390045
2273,0.773120105266571,0.22687989473342896
2274,0.7739973664283752,0.22600263357162476
2275,0.7718756198883057,0.22812436521053314
2276,0.7703160047531128,0.2296840101480484
2277,0.77523273229599,0.2247672826051712
2278,0.7748352289199829,0.2251647412776947
2279,0.7748583555221558,0.22514161467552185
2280,0.7747592329978943,0.2252407670021057
2281,0.7755165100097656,0.22448348999023438
2282,0.7758356332778931,0.22416438162326813
2283,0.7735461592674255,0.22645384073257446
2284,0.7736251354217529,0.22637487947940826
2285,0.7768178582191467,0.22318214178085327
2286,0.7724032402038574,0.22759675979614258
2287,0.77252596616745,0.22747403383255005
2288,0.7759392261505127,0.2240607738494873
2289,0.7713152170181274,0.22868478298187256
2290,0.7714450359344482,0.22855493426322937
2291,0.7722984552383423,0.22770152986049652
2292,0.7765824794769287,0.2234175205230713
2293,0.776827335357666,0.2231726348400116
2294,0.776951253414154,0.22304874658584595
2295,0.7728825211524963,0.22711747884750366
2296,0.7723456025123596,0.2276543825864792
2297,0.7766346335411072,0.22336538136005402
2298,0.7757391929626465,0.22426080703735352
2299,0.7760493755340576,0.22395059466362
2300,0.7746213674545288,0.2253786325454712
2301,0.7765281796455383,0.22347180545330048
2302,0.7773358821868896,0.22266408801078796
2303,0.7775723934173584,0.2224275916814804
2304,0.7773603200912476,0.22263966500759125
2305,0.7773367762565613,0.22266323864459991
2306,0.778334379196167,0.2216656357049942
2307,0.7789806127548218,0.22101935744285583
2308,0.7765601873397827,0.2234397977590561
2309,0.7716159224510193,0.2283840775489807
2310,0.7753541469573975,0.22464582324028015
2311,0.7784449458122253,0.22155503928661346
2312,0.7799004316329956,0.220099538564682
2313,0.7741459012031555,0.22585409879684448
2314,0.774661123752594,0.225338876247406
2315,0.7731674313545227,0.2268325686454773
2316,0.7746222615242004,0.22537773847579956
2317,0.7707119584083557,0.2292880266904831
2318,0.7708916664123535,0.2291083037853241
2319,0.7706841826438904,0.22931580245494843
2320,0.7750934362411499,0.2249065339565277
2321,0.7715814113616943,0.22841860353946686
2322,0.7668030261993408,0.23319698870182037
2323,0.7664444446563721,0.23355552554130554
2324,0.7718764543533325,0.22812354564666748
2325,0.7703782320022583,0.2296217679977417
2326,0.7674503326416016,0.23254965245723724
2327,0.759324312210083,0.24067570269107819
2328,0.733005940914154,0.26699405908584595
2329,0.7284973859786987,0.27150264382362366
2330,0.7410324811935425,0.2589675188064575
2331,0.7484104037284851,0.2515895962715149
2332,0.7574408054351807,0.24255919456481934
2333,0.7102611064910889,0.28973886370658875
2334,0.7392235398292542,0.26077646017074585
2335,0.7396745681762695,0.26032546162605286
2336,0.6842085123062134,0.31579145789146423
2337,0.7419371604919434,0.25806286931037903
2338,0.7317683696746826,0.2682316303253174
2339,0.687616229057312,0.312383770942688
2340,0.6524881720542908,0.34751182794570923
2341,0.7059702277183533,0.29402977228164673
2342,0.6845308542251587,0.3154691457748413
2343,0.624465823173523,0.37553417682647705
2344,0.5751709938049316,0.42482900619506836
2345,0.49325650930404663,0.5067434906959534
2346,0.47293269634246826,0.5270673036575317
2347,0.4752442240715027,0.5247557759284973
2348,0.5191717147827148,0.48082825541496277
2349,0.4923868179321289,0.5076131820678711
2350,0.5100432634353638,0.48995673656463623
2351,0.4772909879684448,0.5227090120315552
2352,0.4082188010215759,0.5917811989784241
2353,0.383794903755188,0.616205096244812
2354,0.42108094692230225,0.5789190530776978
2355,0.4804188013076782,0.5195811986923218
2356,0.32025933265686035,0.6797406673431396
2357,0.3214186429977417,0.6785813570022583
2358,0.31311285495758057,0.6868871450424194
2359,0.2977408170700073,0.7022591829299927
2360,0.28627651929855347,0.7137234807014465
2361,0.757551908493042,0.24244807660579681
2362,0.7602195143699646,0.2397804856300354
2363,0.7697398066520691,0.2302602082490921
2364,0.7692126035690308,0.23078739643096924
2365,0.7657222151756287,0.23427778482437134
2366,0.7644587755203247,0.23554125428199768
2367,0.7649557590484619,0.2350442111492157
2368,0.7670431137084961,0.2329569160938263
2369,0.7708737850189209,0.2291261851787567
2370,0.7689797878265381,0.2310202419757843
2371,0.7543932795524597,0.2456067055463791
2372,0.7562747001647949,0.24372532963752747
2373,0.7569369077682495,0.2430630624294281
2374,0.7592202425003052,0.24077974259853363
2375,0.7693659067153931,0.23063406348228455
2376,0.7694935202598572,0.23050647974014282
2377,0.7692638635635376,0.2307361662387848
2378,0.7694749236106873,0.23052507638931274
2379,0.7722494602203369,0.22775055468082428
2380,0.7606362104415894,0.23936377465724945
2381,0.7611371874809265,0.2388627976179123
2382,0.7710472345352173,0.22895275056362152
2383,0.7605736255645752,0.2394264042377472
2384,0.7577706575393677,0.2422293722629547
2385,0.7583312392234802,0.24166876077651978
2386,0.7707297205924988,0.22927026450634003
2387,0.7702892422676086,0.22971077263355255
2388,0.7594456672668457,0.24055436253547668
2389,0.7735005021095276,0.2264995127916336
2390,0.7713385820388794,0.2286614328622818
2391,0.7713749408721924,0.2286250740289688
2392,0.7717337012290955,0.22826628386974335
2393,0.760444700717926,0.23955529928207397
2394,0.761857807636261,0.23814217746257782
2395,0.7729003429412842,0.22709962725639343
2396,0.7720375061035156,0.22796249389648438
2397,0.7721614837646484,0.22783848643302917
2398,0.7701042890548706,0.229895681142807
2399,0.7699112892150879,0.2300887107849121
2400,0.7584348320960999,0.24156516790390015
2401,0.7596455812454224,0.24035443365573883
2402,0.7601205110549927,0.23987948894500732
2403,0.7576628923416138,0.24233709275722504
2404,0.7562974095344543,0.24370260536670685
2405,0.7730097770690918,0.2269902527332306
2406,0.7776325345039368,0.22236746549606323
2407,0.775662362575531,0.2243376523256302
2408,0.7636628150939941,0.23633718490600586
2409,0.760627269744873,0.23937271535396576
2410,0.7661415934562683,0.2338583916425705
2411,0.7736668586730957,0.22633317112922668
2412,0.7681629061698914,0.23183707892894745
2413,0.7685245275497437,0.23147550225257874
2414,0.7713484764099121,0.22865155339241028
2415,0.7705984711647034,0.22940151393413544
2416,0.7713007926940918,0.2286992371082306
2417,0.771793007850647,0.22820696234703064
2418,0.7713942527770996,0.2286057472229004
2419,0.7716479897499084,0.22835199534893036
2420,0.7712608575820923,0.22873911261558533
2421,0.7716315984725952,0.2283683717250824
2422,0.776249885559082,0.22375008463859558
2423,0.772678792476654,0.22732120752334595
2424,0.7723721265792847,0.22762790322303772
2425,0.7727177143096924,0.22728225588798523
2426,0.7722815275192261,0.22771844267845154
2427,0.7705109715461731,0.2294890284538269
2428,0.770122230052948,0.2298777848482132
2429,0.7732020616531372,0.22679796814918518
2430,0.7742832899093628,0.2257167398929596
2431,0.7747894525527954,0.22521056234836578
2432,0.7705910801887512,0.22940890491008759
2433,0.7712200284004211,0.22877997159957886
2434,0.7699710726737976,0.2300289422273636
2435,0.7692950963973999,0.2307049036026001
2436,0.7702218294143677,0.22977817058563232
2437,0.7693489789962769,0.23065100610256195
2438,0.7705985307693481,0.22940145432949066
2439,0.7763664722442627,0.2236335426568985
2440,0.7767807245254517,0.22321930527687073
2441,0.7726555466651917,0.22734445333480835
2442,0.7725929021835327,0.2274070829153061
2443,0.7715726494789124,0.22842735052108765
2444,0.7713557481765747,0.22864428162574768
2445,0.7696641087532043,0.23033587634563446
2446,0.7718039751052856,0.22819602489471436
2447,0.7734640836715698,0.22653594613075256
2448,0.7732470035552979,0.22675302624702454
2449,0.7740975618362427,0.22590242326259613
2450,0.7719528079032898,0.2280472069978714
2451,0.7705246806144714,0.22947530448436737
2452,0.7754784226417542,0.22452156245708466
2453,0.7749616503715515,0.2250383496284485
2454,0.7749767303466797,0.2250232994556427
2455,0.7744171619415283,0.2255828082561493
2456,0.7751519680023193,0.22484806180000305
2457,0.7755842208862305,0.22441579401493073
2458,0.7731216549873352,0.2268783450126648
2459,0.7731410264968872,0.2268589437007904
2460,0.7767108678817749,0.2232891470193863
2461,0.7726298570632935,0.22737014293670654
2462,0.7717751264572144,0.22822487354278564
2463,0.7753148078918457,0.2246851921081543
2464,0.7708786725997925,0.22912129759788513
2465,0.771132230758667,0.228867769241333
2466,0.7719098925590515,0.22809012234210968
2467,0.7762101292610168,0.22378987073898315
2468,0.7764407396316528,0.22355924546718597
2469,0.776576817035675,0.22342316806316376
2470,0.7725628614425659,0.2274371087551117
2471,0.771967887878418,0.22803209722042084
2472,0.7762991189956665,0.2237008810043335
2473,0.7753773331642151,0.2246226817369461
2474,0.7755621671676636,0.2244378626346588
2475,0.7742416262626648,0.2257583886384964
2476,0.7762346863746643,0.2237653285264969
2477,0.7771600484848022,0.22283995151519775
2478,0.7773323655128479,0.2226676344871521
2479,0.7771023511886597,0.22289766371250153
2480,0.7771342992782593,0.22286567091941833
2481,0.7781246900558472,0.22187528014183044
2482,0.7788497805595398,0.2211502343416214
2483,0.7761440277099609,0.22385600209236145
2484,0.7713040113449097,0.22869595885276794
2485,0.7750999331474304,0.22490006685256958
2486,0.7782273292541504,0.22177265584468842
2487,0.7799004316329956,0.220099538564682
2488,0.7741459012031555,0.22585409879684448
2489,0.774661123752594,0.225338876247406
2490,0.7731682658195496,0.22683171927928925
2491,0.7746186256408691,0.22538135945796967
2492,0.7705692052841187,0.22943079471588135
2493,0.7708860635757446,0.22911396622657776
2494,0.7707420587539673,0.2292579710483551
2495,0.7751444578170776,0.22485551238059998
2496,0.7716633081436157,0.2283366620540619
2497,0.7669535279273987,0.23304645717144012
2498,0.7665916681289673,0.2334083467721939
2499,0.7720140218734741,0.22798599302768707
2500,0.7704713344573975,0.22952866554260254
2501,0.7671960592269897,0.23280392587184906
2502,0.7595437169075012,0.24045629799365997
2503,0.7324105501174927,0.2675894796848297
2504,0.727794885635376,0.272205114364624
2505,0.7492244839668274,0.2507755160331726
2506,0.7479264736175537,0.2520734965801239
2507,0.7568007707595825,0.24319924414157867
2508,0.7102611064910889,0.28973886370658875
2509,0.7392235398292542,0.26077646017074585
2510,0.7396745681762695,0.26032546162605286
2511,0.6842085123062134,0.31579145789146423
2512,0.7419371604919434,0.25806286931037903
2513,0.7325776815414429,0.2674223482608795
2514,0.6766891479492188,0.32331082224845886
2515,0.5595687031745911,0.44043129682540894
2516,0.6980633735656738,0.30193662643432617
2517,0.6027618646621704,0.3972381353378296
2518,0.624465823173523,0.37553417682647705
2519,0.5807361006736755,0.41926389932632446
2520,0.49325650930404663,0.5067434906959534
2521,0.47293269634246826,0.5270673036575317
2522,0.4752442240715027,0.5247557759284973
2523,0.5191717147827148,0.48082825541496277
2524,0.4923868179321289,0.5076131820678711
2525,0.5100432634353638,0.48995673656463623
2526,0.47551465034484863,0.5244853496551514
2527,0.4078918695449829,0.5921081304550171
2528,0.383794903755188,0.616205096244812
2529,0.42108094692230225,0.5789190530776978
2530,0.4804188013076782,0.5195811986923218
2531,0.32025933265686035,0.6797406673431396
2532,0.3212701082229614,0.6787298917770386
2533,0.3129756450653076,0.6870243549346924
2534,0.2977408170700073,0.7022591829299927
2535,0.28627651929855347,0.7137234807014465
2536,0.7808659672737122,0.21913404762744904
2537,0.7793260812759399,0.22067394852638245
2538,0.7812168002128601,0.2187831848859787
2539,0.7821947336196899,0.21780529618263245
2540,0.7577285766601562,0.24227139353752136
2541,0.7585458755493164,0.2414541393518448
2542,0.7583797574043274,0.2416202425956726
2543,0.7601476907730103,0.23985233902931213
2544,0.7688615322113037,0.2311384528875351
2545,0.7679049968719482,0.23209501802921295
2546,0.762464702129364,0.2375352829694748
2547,0.7599242925643921,0.24007569253444672
2548,0.7608311772346497,0.23916880786418915
2549,0.7584778070449829,0.2415221929550171
2550,0.7579983472824097,0.24200168251991272
2551,0.7573819756507874,0.24261803925037384
2552,0.7575308084487915,0.2424692064523697
2553,0.7583476901054382,0.24165232479572296
2554,0.7598026394844055,0.2401973456144333
2555,0.7595727443695068,0.24042722582817078
2556,0.7574284076690674,0.24257159233093262
2557,0.7657802700996399,0.2342197299003601
2558,0.7707290649414062,0.22927090525627136
2559,0.7708356380462646,0.22916437685489655
2560,0.7613364458084106,0.23866352438926697
2561,0.7620670795440674,0.23793290555477142
2562,0.7583075761795044,0.2416924238204956
2563,0.7590187788009644,0.24098122119903564
2564,0.759598970413208,0.240401029586792
2565,0.7590616345405579,0.24093836545944214
2566,0.7610107064247131,0.23898927867412567
2567,0.760762095451355,0.23923787474632263
2568,0.7616194486618042,0.2383805811405182
2569,0.7615527510643005,0.23844723403453827
2570,0.7630232572555542,0.2369767725467682
2571,0.7598572373390198,0.24014276266098022
2572,0.7608083486557007,0.2391916811466217
2573,0.7614431381225586,0.2385568618774414
2574,0.7630574703216553,0.23694249987602234
2575,0.7611948251724243,0.2388051599264145
2576,0.7640997767448425,0.23590022325515747
2577,0.7631204128265381,0.23687957227230072
2578,0.7616167068481445,0.23838327825069427
2579,0.7733576893806458,0.22664231061935425
2580,0.7735586762428284,0.22644132375717163
2581,0.7749042510986328,0.2250957489013672
2582,0.7719985842704773,0.2280014157295227
2583,0.7724020481109619,0.2275979220867157
2584,0.770000696182251,0.22999927401542664
2585,0.7700378894805908,0.2299620807170868
2586,0.771136999130249,0.2288629710674286
2587,0.7722976207733154,0.22770236432552338
2588,0.7728827595710754,0.22711725533008575
2589,0.7572872638702393,0.24271276593208313
2590,0.7561361789703369,0.24386385083198547
2591,0.7615997791290283,0.23840022087097168
2592,0.7591756582260132,0.24082431197166443
2593,0.7610149383544922,0.2389850914478302
2594,0.768346905708313,0.231653094291687
2595,0.7707375288009644,0.22926248610019684
2596,0.7849307656288147,0.2150692492723465
2597,0.783206045627594,0.216793954372406
2598,0.7797322273254395,0.22026780247688293
2599,0.7815890312194824,0.21841096878051758
2600,0.7805769443511963,0.2194230854511261
2601,0.7689869403839111,0.23101307451725006
2602,0.7693157196044922,0.2306842803955078
2603,0.7710586190223694,0.22894138097763062
2604,0.7820302248001099,0.21796977519989014
2605,0.7814871072769165,0.21851292252540588
2606,0.7816729545593262,0.21832707524299622
2607,0.768051028251648,0.23194898664951324
2608,0.7664531469345093,0.2335468828678131
2609,0.7795853018760681,0.2204146832227707
2610,0.7651069164276123,0.2348930984735489
2611,0.767469048500061,0.23253096640110016
2612,0.7656411528587341,0.23435883224010468
2613,0.7703607082366943,0.22963932156562805
2614,0.7689899802207947,0.23101000487804413
2615,0.7714100480079651,0.22858993709087372
2616,0.7691994905471802,0.23080049455165863
2617,0.7663248777389526,0.23367515206336975
2618,0.768403947353363,0.23159605264663696
2619,0.7690812945365906,0.23091869056224823
2620,0.7656926512718201,0.23430734872817993
2621,0.7841153144836426,0.21588468551635742
2622,0.7842997312545776,0.21570028364658356
2623,0.7860171794891357,0.21398285031318665
2624,0.7715541124343872,0.228445902466774
2625,0.7681168913841248,0.23188310861587524
2626,0.7699453830718994,0.23005463182926178
2627,0.7689339518547058,0.231066033244133
2628,0.7685102224349976,0.23148977756500244
2629,0.7830986380577087,0.21690136194229126
2630,0.7714109420776367,0.22858907282352448
2631,0.7709837555885315,0.2290162444114685
2632,0.7826183438301086,0.21738165616989136
2633,0.7840701341629028,0.21592985093593597
2634,0.7825061082839966,0.2174939215183258
2635,0.7648091316223145,0.23519089818000793
2636,0.7632969617843628,0.2367030680179596
2637,0.7637625932693481,0.23623743653297424
2638,0.7638484239578247,0.2361515462398529
2639,0.7606070041656494,0.2393929809331894
2640,0.7673695087432861,0.23263050615787506
2641,0.7671669125556946,0.23283307254314423
2642,0.7715806365013123,0.22841937839984894
2643,0.7828012704849243,0.21719875931739807
2644,0.7836282253265381,0.2163718044757843
2645,0.7810144424438477,0.21898558735847473
2646,0.7798845767974854,0.22011542320251465
2647,0.7807726860046387,0.21922731399536133
2648,0.7662122249603271,0.23378774523735046
2649,0.7684788703918457,0.2315211296081543
2650,0.7676730751991272,0.232326939702034
2651,0.7700092792510986,0.22999070584774017
2652,0.7708492279052734,0.22915080189704895
2653,0.7721090316772461,0.2278909981250763
2654,0.7684696912765503,0.2315303087234497
2655,0.7672305703163147,0.2327694147825241
2656,0.7666839361190796,0.2333160936832428
2657,0.7784093618392944,0.22159066796302795
2658,0.776813268661499,0.2231867015361786
2659,0.7598901987075806,0.24010983109474182
2660,0.7588120698928833,0.2411879450082779
2661,0.7621238231658936,0.23787620663642883
2662,0.7652274966239929,0.2347724884748459
2663,0.7591277956962585,0.24087220430374146
2664,0.7601255774497986,0.23987440764904022
2665,0.7605407238006592,0.23945924639701843
2666,0.7654622197151184,0.23453779518604279
2667,0.7646675109863281,0.23533247411251068
2668,0.7651700377464294,0.23482997715473175
2669,0.7674009799957275,0.23259899020195007
2670,0.7622672319412231,0.23773275315761566
2671,0.7625327110290527,0.23746725916862488
2672,0.7799143195152283,0.22008566558361053
2673,0.7811596393585205,0.2188403606414795
2674,0.764369010925293,0.23563101887702942
2675,0.7598699927330017,0.2401299923658371
2676,0.765906810760498,0.23409318923950195
2677,0.7657723426818848,0.23422765731811523
2678,0.7658153772354126,0.2341846525669098
2679,0.761093258857727,0.23890671133995056
2680,0.7758312821388245,0.22416870296001434
2681,0.7639370560646057,0.2360629290342331
2682,0.765924334526062,0.2340756505727768
2683,0.7669610977172852,0.23303893208503723
2684,0.766059398651123,0.23394058644771576
2685,0.7681870460510254,0.231812983751297
2686,0.7667208909988403,0.23327910900115967
2687,0.7663933038711548,0.23360668122768402
2688,0.76065593957901,0.23934407532215118
2689,0.7611414194107056,0.23885861039161682
2690,0.7611171007156372,0.2388828694820404
2691,0.762050211429596,0.23794980347156525
2692,0.7594308257102966,0.24056915938854218
2693,0.7583134174346924,0.24168655276298523
2694,0.7605232000350952,0.2394767701625824
2695,0.7678388357162476,0.23216117918491364
2696,0.7786606550216675,0.2213393598794937
2697,0.7535370588302612,0.24646292626857758
2698,0.7533619403839111,0.24663805961608887
2699,0.760258674621582,0.23974129557609558
2700,0.7604738473892212,0.2395261824131012
2701,0.7756026983261108,0.22439728677272797
2702,0.7600725293159485,0.23992745578289032
2703,0.7694660425186157,0.2305339276790619
2704,0.7599125504493713,0.24008744955062866
2705,0.7569451928138733,0.2430548220872879
2706,0.36701488494873047,0.6329851150512695
2707,0.3971189260482788,0.6028810739517212
2708,0.7808659672737122,0.21913404762744904
2709,0.7793260812759399,0.22067394852638245
2710,0.7812168002128601,0.2187831848859787
2711,0.7821947336196899,0.21780529618263245
2712,0.7577285766601562,0.24227139353752136
2713,0.7585458755493164,0.2414541393518448
2714,0.7583797574043274,0.2416202425956726
2715,0.7601476907730103,0.23985233902931213
2716,0.7688615322113037,0.2311384528875351
2717,0.7679049968719482,0.23209501802921295
2718,0.762464702129364,0.2375352829694748
2719,0.7599242925643921,0.24007569253444672
2720,0.7608311772346497,0.23916880786418915
2721,0.7584778070449829,0.2415221929550171
2722,0.7579983472824097,0.24200168251991272
2723,0.7573819756507874,0.24261803925037384
2724,0.7575308084487915,0.2424692064523697
2725,0.7583476901054382,0.24165232479572296
2726,0.7598026394844055,0.2401973456144333
2727,0.7595727443695068,0.24042722582817078
2728,0.7574284076690674,0.24257159233093262
2729,0.7657802700996399,0.2342197299003601
2730,0.7707290649414062,0.22927090525627136
2731,0.7708356380462646,0.22916437685489655
2732,0.7613364458084106,0.23866352438926697
2733,0.7620670795440674,0.23793290555477142
2734,0.7583075761795044,0.2416924238204956
2735,0.7590187788009644,0.24098122119903564
2736,0.759598970413208,0.240401029586792
2737,0.7590616345405579,0.24093836545944214
2738,0.7610107064247131,0.23898927867412567
2739,0.760762095451355,0.23923787474632263
2740,0.7616194486618042,0.2383805811405182
2741,0.7615527510643005,0.23844723403453827
2742,0.7630232572555542,0.2369767725467682
2743,0.7598572373390198,0.24014276266098022
2744,0.7608083486557007,0.2391916811466217
2745,0.7614431381225586,0.2385568618774414
2746,0.7630574703216553,0.23694249987602234
2747,0.7611948251724243,0.2388051599264145
2748,0.7640997767448425,0.23590022325515747
2749,0.7631204128265381,0.23687957227230072
2750,0.7616167068481445,0.23838327825069427
2751,0.7733576893806458,0.22664231061935425
2752,0.7735586762428284,0.22644132375717163
2753,0.7749042510986328,0.2250957489013672
2754,0.7719985842704773,0.2280014157295227
2755,0.7724020481109619,0.2275979220867157
2756,0.770000696182251,0.22999927401542664
2757,0.7700378894805908,0.2299620807170868
2758,0.771136999130249,0.2288629710674286
2759,0.7722976207733154,0.22770236432552338
2760,0.7728827595710754,0.22711725533008575
2761,0.7572872638702393,0.24271276593208313
2762,0.7561361789703369,0.24386385083198547
2763,0.7615997791290283,0.23840022087097168
2764,0.7591756582260132,0.24082431197166443
2765,0.7610149383544922,0.2389850914478302
2766,0.768346905708313,0.231653094291687
2767,0.7707375288009644,0.22926248610019684
2768,0.7849307656288147,0.2150692492723465
2769,0.783206045627594,0.216793954372406
2770,0.7797322273254395,0.22026780247688293
2771,0.7815890312194824,0.21841096878051758
2772,0.7805769443511963,0.2194230854511261
2773,0.7689869403839111,0.23101307451725006
2774,0.7693157196044922,0.2306842803955078
2775,0.7710586190223694,0.22894138097763062
2776,0.7820302248001099,0.21796977519989014
2777,0.7814871072769165,0.21851292252540588
2778,0.7816729545593262,0.21832707524299622
2779,0.768051028251648,0.23194898664951324
2780,0.7664531469345093,0.2335468828678131
2781,0.7795853018760681,0.2204146832227707
2782,0.7651069164276123,0.2348930984735489
2783,0.767469048500061,0.23253096640110016
2784,0.7656411528587341,0.23435883224010468
2785,0.7703607082366943,0.22963932156562805
2786,0.7689899802207947,0.23101000487804413
2787,0.7714100480079651,0.22858993709087372
2788,0.7691994905471802,0.23080049455165863
2789,0.7663248777389526,0.23367515206336975
2790,0.768403947353363,0.23159605264663696
2791,0.7690812945365906,0.23091869056224823
2792,0.7656926512718201,0.23430734872817993
2793,0.7841153144836426,0.21588468551635742
2794,0.7842997312545776,0.21570028364658356
2795,0.7860171794891357,0.21398285031318665
2796,0.7715541124343872,0.228445902466774
2797,0.7681168913841248,0.23188310861587524
2798,0.7699453830718994,0.23005463182926178
2799,0.7689339518547058,0.231066033244133
2800,0.7685102224349976,0.23148977756500244
2801,0.7830986380577087,0.21690136194229126
2802,0.7714109420776367,0.22858907282352448
2803,0.7709837555885315,0.2290162444114685
2804,0.7826183438301086,0.21738165616989136
2805,0.7840701341629028,0.21592985093593597
2806,0.7825061082839966,0.2174939215183258
2807,0.7648091316223145,0.23519089818000793
2808,0.7632969617843628,0.2367030680179596
2809,0.7637625932693481,0.23623743653297424
2810,0.7638484239578247,0.2361515462398529
2811,0.7606070041656494,0.2393929809331894
2812,0.7673695087432861,0.23263050615787506
2813,0.7671669125556946,0.23283307254314423
2814,0.7715806365013123,0.22841937839984894
2815,0.7828012704849243,0.21719875931739807
2816,0.7836282253265381,0.2163718044757843
2817,0.7810144424438477,0.21898558735847473
2818,0.7798845767974854,0.22011542320251465
2819,0.7807726860046387,0.21922731399536133
2820,0.7662122249603271,0.23378774523735046
2821,0.7684788703918457,0.2315211296081543
2822,0.7676730751991272,0.232326939702034
2823,0.7700092792510986,0.22999070584774017
2824,0.7708492279052734,0.22915080189704895
2825,0.7721090316772461,0.2278909981250763
2826,0.7684696912765503,0.2315303087234497
2827,0.7672305703163147,0.2327694147825241
2828,0.7666839361190796,0.2333160936832428
2829,0.7784093618392944,0.22159066796302795
2830,0.776813268661499,0.2231867015361786
2831,0.7598901987075806,0.24010983109474182
2832,0.7588120698928833,0.2411879450082779
2833,0.7621238231658936,0.23787620663642883
2834,0.7652274966239929,0.2347724884748459
2835,0.7591277956962585,0.24087220430374146
2836,0.7601255774497986,0.23987440764904022
2837,0.7605407238006592,0.23945924639701843
2838,0.7654622197151184,0.23453779518604279
2839,0.7646675109863281,0.23533247411251068
2840,0.7651700377464294,0.23482997715473175
2841,0.7674009799957275,0.23259899020195007
2842,0.7622672319412231,0.23773275315761566
2843,0.7625327110290527,0.23746725916862488
2844,0.7799143195152283,0.22008566558361053
2845,0.7811596393585205,0.2188403606414795
2846,0.764369010925293,0.23563101887702942
2847,0.7598699927330017,0.2401299923658371
2848,0.765906810760498,0.23409318923950195
2849,0.7657723426818848,0.23422765731811523
2850,0.7658153772354126,0.2341846525669098
2851,0.761093258857727,0.23890671133995056
2852,0.7758312821388245,0.22416870296001434
2853,0.7639370560646057,0.2360629290342331
2854,0.765924334526062,0.2340756505727768
2855,0.7669610977172852,0.23303893208503723
2856,0.766059398651123,0.23394058644771576
2857,0.7681870460510254,0.231812983751297
2858,0.7667208909988403,0.23327910900115967
2859,0.7663933038711548,0.23360668122768402
2860,0.76065593957901,0.23934407532215118
2861,0.7611414194107056,0.23885861039161682
2862,0.7611171007156372,0.2388828694820404
2863,0.762050211429596,0.23794980347156525
2864,0.7594308257102966,0.24056915938854218
2865,0.7583134174346924,0.24168655276298523
2866,0.7605232000350952,0.2394767701625824
2867,0.7678388357162476,0.23216117918491364
2868,0.7786606550216675,0.2213393598794937
2869,0.7535370588302612,0.24646292626857758
2870,0.7533619403839111,0.24663805961608887
2871,0.760258674621582,0.23974129557609558
2872,0.7604738473892212,0.2395261824131012
2873,0.7756026983261108,0.22439728677272797
2874,0.7600725293159485,0.23992745578289032
2875,0.7694660425186157,0.2305339276790619
2876,0.7599125504493713,0.24008744955062866
2877,0.7569451928138733,0.2430548220872879
2878,0.36701488494873047,0.6329851150512695
2879,0.3971189260482788,0.6028810739517212
2880,0.7522846460342407,0.24771538376808167
2881,0.759901762008667,0.24009820818901062
2882,0.7533189654350281,0.24668103456497192
2883,0.7534618377685547,0.2465381771326065
2884,0.750932514667511,0.24906747043132782
2885,0.7549315094947815,0.2450685054063797
2886,0.7528347969055176,0.24716518819332123
2887,0.7520185112953186,0.2479814887046814
2888,0.7463870048522949,0.2536129951477051
2889,0.747504472732544,0.25249552726745605
2890,0.7514906525611877,0.24850934743881226
2891,0.751506507396698,0.2484935075044632
2892,0.7554970979690552,0.2445029318332672
2893,0.7579981684684753,0.24200181663036346
2894,0.758484959602356,0.24151504039764404
2895,0.7580032348632812,0.24199678003787994
2896,0.7605447769165039,0.2394552081823349
2897,0.7574985027313232,0.24250151216983795
2898,0.7551934719085693,0.24480655789375305
2899,0.7567282915115356,0.24327167868614197
2900,0.7562301754951477,0.2437698096036911
2901,0.7572003602981567,0.24279960989952087
2902,0.7559857368469238,0.24401423335075378
2903,0.757654070854187,0.2423458993434906
2904,0.7569271922111511,0.24307282269001007
2905,0.7553974390029907,0.2446025311946869
2906,0.7597463130950928,0.24025365710258484
2907,0.7551455497741699,0.24485445022583008
2908,0.7599525451660156,0.24004745483398438
2909,0.7574523091316223,0.2425476759672165
2910,0.7616482377052307,0.2383517473936081
2911,0.7603784799575806,0.23962153494358063
2912,0.7594290971755981,0.24057088792324066
2913,0.769511342048645,0.23048868775367737
2914,0.7714427709579468,0.2285572588443756
2915,0.7731286883354187,0.2268713116645813
2916,0.7591602802276611,0.24083971977233887
2917,0.7606638669967651,0.23933610320091248
2918,0.7591904401779175,0.2408095896244049
2919,0.7764960527420044,0.223503977060318
2920,0.7799662947654724,0.22003372013568878
2921,0.7775560021400452,0.22244401276111603
2922,0.7707223892211914,0.2292775958776474
2923,0.7658888101577759,0.23411116003990173
2924,0.7695989608764648,0.23040102422237396
2925,0.7681393027305603,0.2318606972694397
2926,0.7674856781959534,0.23251430690288544
2927,0.7674031853675842,0.23259682953357697
2928,0.7713980078697205,0.22860200703144073
2929,0.7705085277557373,0.2294914573431015
2930,0.7709901928901672,0.22900982201099396
2931,0.782292366027832,0.21770761907100677
2932,0.7710180878639221,0.22898192703723907
2933,0.7703202962875366,0.22967968881130219
2934,0.7671691179275513,0.23283085227012634
2935,0.7674757838249207,0.23252421617507935
2936,0.7677245736122131,0.23227542638778687
2937,0.7821271419525146,0.21787282824516296
2938,0.7767149209976196,0.22328507900238037
2939,0.7653681635856628,0.23463182151317596
2940,0.7660503387451172,0.233949676156044
2941,0.7639294862747192,0.23607051372528076
2942,0.7643733024597168,0.2356266975402832
2943,0.7652838230133057,0.23471614718437195
2944,0.766444981098175,0.23355501890182495
2945,0.7730938196182251,0.22690615057945251
2946,0.758645236492157,0.24135476350784302
2947,0.7575528621673584,0.242447167634964
2948,0.7635220289230347,0.23647797107696533
2949,0.7638523578643799,0.2361476570367813
2950,0.7706623077392578,0.22933770716190338
2951,0.7711586356163025,0.22884134948253632
2952,0.7705458402633667,0.2294541448354721
2953,0.7717143297195435,0.22828567028045654
2954,0.7743494510650635,0.22565056383609772
2955,0.7735995650291443,0.22640042006969452
2956,0.7719690799713135,0.22803089022636414
2957,0.7635650634765625,0.2364349514245987
2958,0.7692407369613647,0.23075929284095764
2959,0.7685041427612305,0.23149588704109192
2960,0.7644100189208984,0.23558999598026276
2961,0.7641823291778564,0.23581768572330475
2962,0.7648802995681763,0.23511968553066254
2963,0.7654513716697693,0.23454861342906952
2964,0.7664433717727661,0.2335565984249115
2965,0.7662554979324341,0.23374450206756592
2966,0.7693023681640625,0.2306976169347763
2967,0.7686063647270203,0.23139365017414093
2968,0.7683629393577576,0.23163704574108124
2969,0.760803759098053,0.23919625580310822
2970,0.7578473091125488,0.24215267598628998
2971,0.7668737173080444,0.23312626779079437
2972,0.7551599740982056,0.24484002590179443
2973,0.7637187838554382,0.23628123104572296
2974,0.7629254460334778,0.23707455396652222
2975,0.7640443444252014,0.23595565557479858
2976,0.7604241967201233,0.2395758181810379
2977,0.7662269473075867,0.23377306759357452
2978,0.7708271741867065,0.22917279601097107
2979,0.7621731758117676,0.23782682418823242
2980,0.7632306814193726,0.23676928877830505
2981,0.7656645178794861,0.23433548212051392
2982,0.7632378935813904,0.2367621213197708
2983,0.7624533176422119,0.23754671216011047
2984,0.7642127275466919,0.2357872873544693
2985,0.7623119354248047,0.2376880794763565
2986,0.7626254558563232,0.23737455904483795
2987,0.76691734790802,0.23308265209197998
2988,0.764930784702301,0.23506923019886017
2989,0.7622709274291992,0.23772907257080078
2990,0.7642527222633362,0.23574726283550262
2991,0.7610353231430054,0.23896469175815582
2992,0.7612751126289368,0.23872490227222443
2993,0.7622070908546448,0.23779292404651642
2994,0.7651007175445557,0.23489925265312195
2995,0.755057156085968,0.24494284391403198
2996,0.7527670860290527,0.24723291397094727
2997,0.7562501430511475,0.24374982714653015
2998,0.7531381845474243,0.24686184525489807
2999,0.745439887046814,0.25456008315086365
3000,0.7488053441047668,0.25119465589523315
3001,0.7492411136627197,0.2507588565349579
3002,0.7498642206192017,0.25013577938079834
3003,0.7600736021995544,0.23992641270160675
3004,0.7596360445022583,0.2403639853000641
3005,0.7578904628753662,0.24210956692695618
3006,0.7662909626960754,0.23370905220508575
3007,0.7668584585189819,0.23314155638217926
3008,0.7652186751365662,0.23478132486343384
3009,0.7637299299240112,0.23627004027366638
3010,0.7566084861755371,0.2433915138244629
3011,0.7588520050048828,0.2411479651927948
3012,0.7630701065063477,0.23692989349365234
3013,0.7660338282585144,0.2339661568403244
3014,0.7505022287368774,0.24949775636196136
3015,0.7455943822860718,0.2544056177139282
3016,0.7392764091491699,0.2607235610485077
3017,0.7444924116134644,0.25550755858421326
3018,0.7460582852363586,0.25394171476364136
3019,0.7480311393737793,0.2519688606262207
3020,0.7428568601608276,0.25714313983917236
3021,0.7387908697128296,0.2612091600894928
3022,0.7017828226089478,0.29821714758872986
3023,0.7215183973312378,0.2784816026687622
3024,0.7133470177650452,0.28665298223495483
3025,0.6991574168205261,0.3008425831794739
3026,0.687654435634613,0.31234556436538696
3027,0.7041730880737305,0.2958269417285919
3028,0.6921237111091614,0.3078762888908386
3029,0.6732310056686401,0.3267689645290375
3030,0.6683063507080078,0.3316936790943146
3031,0.7054871320724487,0.2945128381252289
3032,0.6933736801147461,0.3066263198852539
3033,0.6980016231536865,0.30199840664863586
3034,0.7182083129882812,0.28179171681404114
3035,0.6937769651412964,0.3062230348587036
3036,0.5761343240737915,0.4238656759262085
3037,0.7086598873138428,0.2913401424884796
3038,0.6607786417007446,0.339221328496933
3039,0.30853837728500366,0.6914616227149963
3040,0.3034735918045044,0.6965264081954956
3041,0.7664934396743774,0.23350659012794495
3042,0.7659134864807129,0.2340865135192871
3043,0.7639124989509583,0.23608750104904175
3044,0.7732676863670349,0.2267323136329651
3045,0.7701956629753113,0.22980435192584991
3046,0.790451169013977,0.20954883098602295
3047,0.7689108848571777,0.23108908534049988
3048,0.7698758840560913,0.23012413084506989
3049,0.7673189640045166,0.2326810657978058
3050,0.7657361030578613,0.23426392674446106
3051,0.7696423530578613,0.23035761713981628
3052,0.7727207541465759,0.22727923095226288
3053,0.7728551626205444,0.22714485228061676
3054,0.7745988368988037,0.2254011631011963
3055,0.7726995348930359,0.22730045020580292
3056,0.7706716656684875,0.22932831943035126
3057,0.7747809886932373,0.22521904110908508
3058,0.7746862173080444,0.22531375288963318
3059,0.773638904094696,0.22636109590530396
3060,0.7773339748382568,0.22266599535942078
3061,0.7606207132339478,0.23937930166721344
3062,0.7469059228897095,0.2530940771102905
3063,0.7462149858474731,0.25378504395484924
3064,0.7489809393882751,0.25101906061172485
3065,0.7506654262542725,0.24933454394340515
3066,0.7521165013313293,0.24788349866867065
3067,0.75107741355896,0.24892261624336243
3068,0.7466142177581787,0.2533857822418213
3069,0.7464858293533325,0.2535141408443451
3070,0.7615622878074646,0.2384377270936966
3071,0.759509801864624,0.24049022793769836
3072,0.765494167804718,0.2345058172941208
3073,0.7525829672813416,0.24741704761981964
3074,0.7600146532058716,0.23998534679412842
3075,0.7500293254852295,0.2499706745147705
3076,0.7504141330718994,0.2495858371257782
3077,0.7490332126617432,0.2509668171405792
3078,0.7511352896690369,0.24886469542980194
3079,0.753277063369751,0.24672290682792664
3080,0.7518025636672974,0.24819740653038025
3081,0.7499724626541138,0.2500275671482086
3082,0.7463388442993164,0.253661185503006
3083,0.7502077221870422,0.24979229271411896
3084,0.7656795978546143,0.23432041704654694
3085,0.7655426263809204,0.2344573438167572
3086,0.7730698585510254,0.2269301414489746
3087,0.7670638561248779,0.23293617367744446
3088,0.766222357749939,0.23377767205238342
3089,0.7492649555206299,0.2507350444793701
3090,0.7478123903274536,0.2521876096725464
3091,0.7499025464057922,0.25009745359420776
3092,0.7485774755477905,0.2514225244522095
3093,0.7549684643745422,0.24503155052661896
3094,0.7498934268951416,0.2501065731048584
3095,0.7508512735366821,0.24914869666099548
3096,0.7525042295455933,0.24749577045440674
3097,0.7530485987663269,0.2469514161348343
3098,0.7493000030517578,0.2506999969482422
3099,0.7500324249267578,0.24996760487556458
3100,0.74791419506073,0.25208577513694763
3101,0.7489596605300903,0.25104033946990967
3102,0.7459018230438232,0.25409814715385437
3103,0.7462014555931091,0.25379854440689087
3104,0.744186520576477,0.25581347942352295
3105,0.7484174966812134,0.25158247351646423
3106,0.7568876147270203,0.24311240017414093
3107,0.7559078931808472,0.24409213662147522
3108,0.7479231357574463,0.2520768940448761
3109,0.7516248226165771,0.24837514758110046
3110,0.7682115435600281,0.23178844153881073
3111,0.7569018602371216,0.24309813976287842
3112,0.7581514120101929,0.24184857308864594
3113,0.7672650814056396,0.23273490369319916
3114,0.7706640362739563,0.2293359786272049
3115,0.7525991201400757,0.2474009096622467
3116,0.7503032684326172,0.249696746468544
3117,0.75348299741745,0.24651698768138885
3118,0.7535409927368164,0.2464589923620224
3119,0.7639076709747314,0.23609232902526855
3120,0.7555543184280396,0.24444569647312164
3121,0.7706669569015503,0.2293330430984497
3122,0.7695068120956421,0.2304931879043579
3123,0.7599411010742188,0.24005892872810364
3124,0.7612477540969849,0.23875223100185394
3125,0.7602990865707397,0.23970091342926025
3126,0.7567625045776367,0.2432374805212021
3127,0.7544096112251282,0.24559038877487183
3128,0.7535050511360168,0.24649493396282196
3129,0.7761180400848389,0.22388195991516113
3130,0.7735768556594849,0.22642317414283752
3131,0.7564034461975098,0.24359653890132904
3132,0.7583805322647095,0.24161945283412933
3133,0.7657912969589233,0.23420871794223785
3134,0.7644312381744385,0.23556876182556152
3135,0.7616711854934692,0.23832884430885315
3136,0.7569051384925842,0.24309486150741577
3137,0.7644422054290771,0.23555779457092285
3138,0.7639468908309937,0.23605310916900635
3139,0.7589628100395203,0.24103718996047974
3140,0.7535913586616516,0.24640865623950958
3141,0.7560329437255859,0.24396707117557526
3142,0.753920316696167,0.2460797131061554
3143,0.7539439797401428,0.24605602025985718
3144,0.7561919093132019,0.2438080906867981
3145,0.7614768743515015,0.23852309584617615
3146,0.7636047601699829,0.2363952249288559
3147,0.7613142132759094,0.23868577182292938
3148,0.7576172351837158,0.24238276481628418
3149,0.7583831548690796,0.2416168749332428
3150,0.7591835856437683,0.2408164143562317
3151,0.7713762521743774,0.22862376272678375
3152,0.7497693300247192,0.2502306401729584
3153,0.7485764026641846,0.2514236271381378
3154,0.7580011487007141,0.24199886620044708
3155,0.762607753276825,0.23739223182201385
3156,0.7631736993789673,0.23682628571987152
3157,0.7746273875236511,0.22537261247634888
3158,0.759550929069519,0.24044908583164215
3159,0.7623500823974609,0.23764988780021667
3160,0.7578178644180298,0.24218210577964783
3161,0.7633828520774841,0.23661714792251587
3162,0.777816653251648,0.22218333184719086
3163,0.7652109861373901,0.23478899896144867
3164,0.76429283618927,0.23570717871189117
3165,0.7625072598457336,0.23749272525310516
3166,0.7609276175498962,0.23907238245010376
3167,0.7616382241249084,0.23836179077625275
3168,0.7618973255157471,0.23810264468193054
3169,0.7590926289558411,0.24090735614299774
3170,0.7612256407737732,0.2387743443250656
3171,0.7622992396354675,0.23770077526569366
3172,0.7615036368370056,0.23849636316299438
3173,0.7532427310943604,0.24675725400447845
3174,0.7520661354064941,0.24793383479118347
3175,0.7489641904830933,0.25103577971458435
3176,0.7528632879257202,0.2471366822719574
3177,0.7505789995193481,0.24942097067832947
3178,0.7433215975761414,0.25667840242385864
3179,0.7495272755622864,0.2504727244377136
3180,0.7544481754302979,0.24555185437202454
3181,0.7504841685295105,0.2495158165693283
3182,0.7460920810699463,0.2539078891277313
3183,0.7538378834724426,0.24616210162639618
3184,0.7521666288375854,0.24783334136009216
3185,0.743582010269165,0.25641801953315735
3186,0.7557870745658875,0.24421292543411255
3187,0.7610507011413574,0.23894932866096497
3188,0.7570363879203796,0.24296362698078156
3189,0.7684272527694702,0.23157277703285217
3190,0.7476195096969604,0.25238052010536194
3191,0.7460057139396667,0.25399428606033325
3192,0.7497843503952026,0.25021567940711975
3193,0.7574305534362793,0.2425694763660431
3194,0.7623322606086731,0.2376677542924881
3195,0.7663334012031555,0.23366661369800568
3196,0.7638136148452759,0.2361864149570465
3197,0.7615524530410767,0.23844754695892334
3198,0.7544060945510864,0.24559392035007477
3199,0.7586960792541504,0.241303950548172
3200,0.764035701751709,0.2359643280506134
3201,0.7595680952072144,0.24043190479278564
3202,0.7552165985107422,0.244783416390419
3203,0.7515667676925659,0.24843326210975647
3204,0.7549512982368469,0.24504870176315308
3205,0.7548772692680359,0.2451227307319641
3206,0.7482268214225769,0.2517731785774231
3207,0.7494622468948364,0.2505377531051636
3208,0.7538686394691467,0.24613137543201447
3209,0.7398884296417236,0.26011157035827637
3210,0.7651224136352539,0.2348775863647461
3211,0.7605047225952148,0.23949526250362396
3212,0.7376319169998169,0.2623681128025055
3213,0.7299377918243408,0.2700621783733368
3214,0.7288573980331421,0.2711426019668579
3215,0.7407921552658081,0.2592078745365143
3216,0.736382246017456,0.26361775398254395
3217,0.750735342502594,0.249264657497406
3218,0.7341738939285278,0.2658260762691498
3219,0.72784024477005,0.27215975522994995
3220,0.7254236340522766,0.2745763659477234
3221,0.2996708154678345,0.7003291845321655
3222,0.29844969511032104,0.701550304889679
3223,0.7357515096664429,0.26424846053123474
3224,0.7479932308197021,0.25200673937797546
3225,0.750644326210022,0.24935564398765564
3226,0.7561722993850708,0.2438276708126068
3227,0.7520307302474976,0.24796926975250244
3228,0.7536582946777344,0.24634169042110443
3229,0.7540706396102905,0.24592937529087067
3230,0.7501146197319031,0.24988536536693573
3231,0.75245201587677,0.24754798412322998
3232,0.754390299320221,0.24560968577861786
3233,0.7521613240242004,0.24783867597579956
3234,0.7458212971687317,0.2541787028312683
3235,0.746636152267456,0.25336387753486633
3236,0.7643148303031921,0.23568515479564667
3237,0.7640132904052734,0.23598667979240417
3238,0.7613441348075867,0.23865585029125214
3239,0.766096293926239,0.233903706073761
3240,0.761238694190979,0.23876133561134338
3241,0.7635610103607178,0.23643897473812103
3242,0.7633577585220337,0.23664222657680511
3243,0.7468404173851013,0.2531595826148987
3244,0.7518303990364075,0.24816960096359253
3245,0.7503975629806519,0.24960246682167053
3246,0.766959011554718,0.23304098844528198
3247,0.7689013481140137,0.23109865188598633
3248,0.774463415145874,0.22553656995296478
3249,0.775394082069397,0.22460593283176422
3250,0.7662806510925293,0.2337193340063095
3251,0.7504470348358154,0.24955298006534576
3252,0.7528457641601562,0.24715426564216614
3253,0.748309850692749,0.25169017910957336
3254,0.7515890002250671,0.24841098487377167
3255,0.7546104788780212,0.24538950622081757
3256,0.7536318898200989,0.24636811017990112
3257,0.7558023929595947,0.24419759213924408
3258,0.757358193397522,0.24264183640480042
3259,0.7558118104934692,0.24418820440769196
3260,0.7521731853485107,0.24782684445381165
3261,0.7553526163101196,0.24464741349220276
3262,0.7577624917030334,0.24223752319812775
3263,0.758541464805603,0.24145853519439697
3264,0.7582505345344543,0.24174945056438446
3265,0.7593468427658081,0.2406531274318695
3266,0.7676697373390198,0.23233027756214142
3267,0.7530823349952698,0.24691766500473022
3268,0.7590674757957458,0.24093252420425415
3269,0.7662850618362427,0.23371492326259613
3270,0.7675438523292542,0.23245614767074585
3271,0.7637947201728821,0.23620527982711792
3272,0.7661619782447815,0.2338380366563797
3273,0.7701727151870728,0.22982726991176605
3274,0.7693690657615662,0.23063093423843384
3275,0.7694449424743652,0.23055505752563477
3276,0.7899013757705688,0.21009859442710876
3277,0.7894267439842224,0.21057327091693878
3278,0.7887195348739624,0.2112804651260376
3279,0.789309024810791,0.2106909453868866
3280,0.7894929647445679,0.21050703525543213
3281,0.7882281541824341,0.2117718756198883
3282,0.7874232530593872,0.2125767320394516
3283,0.7864684462547302,0.21353153884410858
3284,0.7876175045967102,0.2123824805021286
3285,0.7892282009124756,0.21077179908752441
3286,0.7895557880401611,0.21044422686100006
3287,0.792164146900177,0.2078358381986618
3288,0.7740943431854248,0.2259056568145752
3289,0.7735106945037842,0.22648929059505463
3290,0.7726735472679138,0.227326437830925
3291,0.7762641310691833,0.22373586893081665
3292,0.7764696478843689,0.2235303521156311
3293,0.7684724926948547,0.23152750730514526
3294,0.7664004564285278,0.23359955847263336
3295,0.7679685354232788,0.2320314347743988
3296,0.7707903385162354,0.22920966148376465
3297,0.7709110975265503,0.2290889322757721
3298,0.7736378908157349,0.22636207938194275
3299,0.7761273384094238,0.22387267649173737
3300,0.7788879871368408,0.22111199796199799
3301,0.7844663262367249,0.21553368866443634
3302,0.7738791108131409,0.22612088918685913
3303,0.7699448466300964,0.23005515336990356
3304,0.7707666158676147,0.22923335433006287
3305,0.7708772420883179,0.22912275791168213
3306,0.7739795446395874,0.2260204553604126
3307,0.7684335708618164,0.2315663993358612
3308,0.7686511278152466,0.2313489019870758
3309,0.7835721373558044,0.21642784774303436
3310,0.7836177349090576,0.21638229489326477
3311,0.7838790416717529,0.21612095832824707
3312,0.787153422832489,0.212846577167511
3313,0.7889410257339478,0.21105894446372986
3314,0.7898680567741394,0.2101319432258606
3315,0.7890322208404541,0.2109677791595459
3316,0.7942120432853699,0.20578794181346893
3317,0.7963716983795166,0.2036283016204834
3318,0.7956402897834778,0.20435969531536102
3319,0.7940579056739807,0.20594210922718048
3320,0.7947234511375427,0.20527654886245728
3321,0.7939398288726807,0.20606014132499695
3322,0.7944036722183228,0.20559634268283844
3323,0.793755054473877,0.20624493062496185
3324,0.7886677384376526,0.2113322615623474
3325,0.7883710861206055,0.21162891387939453
3326,0.7858019471168518,0.2141980528831482
3327,0.7833981513977051,0.2166018784046173
3328,0.7860402464866638,0.213959738612175
3329,0.7820646166801453,0.21793538331985474
3330,0.7893044948577881,0.2106955200433731
3331,0.7858184576034546,0.2141815572977066
3332,0.7885115146636963,0.21148845553398132
3333,0.7866883277893066,0.21331170201301575
3334,0.7878390550613403,0.21216095983982086
3335,0.7846672534942627,0.2153327465057373
3336,0.7851444482803345,0.21485555171966553
3337,0.7848143577575684,0.21518561244010925
3338,0.7850552201271057,0.21494479477405548
3339,0.7863971590995789,0.21360285580158234
3340,0.7841824889183044,0.21581749618053436
3341,0.784819483757019,0.21518051624298096
3342,0.7803587317466736,0.2196412831544876
3343,0.7773846387863159,0.22261536121368408
3344,0.774808406829834,0.2251916080713272
3345,0.7769804000854492,0.2230195850133896
3346,0.7702653408050537,0.2297346442937851
3347,0.7487530708312988,0.25124692916870117
3348,0.7538339495658875,0.24616606533527374
3349,0.7544323205947876,0.2455677092075348
3350,0.7436298131942749,0.2563701868057251
3351,0.7361164093017578,0.2638835906982422
3352,0.7331613898277283,0.26683861017227173
3353,0.7347232699394226,0.2652767300605774
3354,0.729246973991394,0.27075302600860596
3355,0.6993639469146729,0.30063608288764954
3356,0.6712275147438049,0.32877248525619507
3357,0.676324188709259,0.32367581129074097
3358,0.6225701570510864,0.3774298429489136
3359,0.6948069334030151,0.30519306659698486
3360,0.6539136171340942,0.34608638286590576
3361,0.6393768787384033,0.3606231212615967
3362,0.600529134273529,0.39947086572647095
3363,0.5671930909156799,0.43280690908432007
3364,0.43059206008911133,0.5694079399108887
3365,0.3723301887512207,0.6276698112487793
3366,0.35771799087524414,0.6422820091247559
3367,0.3537989854812622,0.6462010145187378
3368,0.35016298294067383,0.6498370170593262
3369,0.3240011930465698,0.6759988069534302
3370,0.3347310423851013,0.6652689576148987
3371,0.3577876687049866,0.6422123312950134
3372,0.3386317491531372,0.6613682508468628
3373,0.34906715154647827,0.6509328484535217
3374,0.3455793857574463,0.6544206142425537
3375,0.318117618560791,0.681882381439209
3376,0.3472367525100708,0.6527632474899292
3377,0.3413906693458557,0.6586093306541443
3378,0.2971267104148865,0.7028732895851135
3379,0.30028587579727173,0.6997141242027283
3380,0.28963929414749146,0.7103607058525085
3381,0.32773756980895996,0.67226243019104
3382,0.32591646909713745,0.6740835309028625
3383,0.3083287477493286,0.6916712522506714
3384,0.3132650852203369,0.6867349147796631
3385,0.29956018924713135,0.7004398107528687
3386,0.29796409606933594,0.7020359039306641
3387,0.29214268922805786,0.7078573107719421
3388,0.2953803539276123,0.7046196460723877
3389,0.2837240695953369,0.7162759304046631
3390,0.2922242283821106,0.7077757716178894
3391,0.28084319829940796,0.719156801700592
3392,0.2748197317123413,0.7251802682876587
3393,0.2726442813873291,0.7273557186126709
3394,0.27518266439437866,0.7248173356056213
3395,0.271803617477417,0.728196382522583
3396,0.27428436279296875,0.7257156372070312
3397,0.27485936880111694,0.7251406311988831
3398,0.2827497720718384,0.7172502279281616
3399,0.2806684970855713,0.7193315029144287
3400,0.2735900282859802,0.7264099717140198
3401,0.26465708017349243,0.7353429198265076
3402,0.2672377824783325,0.7327622175216675
3403,0.2697243094444275,0.7302756905555725
3404,0.26688867807388306,0.7331113219261169
3405,0.2703889012336731,0.7296110987663269
3406,0.2774134874343872,0.7225865125656128
3407,0.2669682502746582,0.7330317497253418
3408,0.2673282027244568,0.7326717972755432
3409,0.252816379070282,0.747183620929718
3410,0.24996912479400635,0.7500308752059937
3411,0.25103068351745605,0.748969316482544
3412,0.25701987743377686,0.7429801225662231
3413,0.2655245065689087,0.7344754934310913
3414,0.2702670097351074,0.7297329902648926
3415,0.26634252071380615,0.7336574792861938
3416,0.2482345700263977,0.7517654299736023
3417,0.24581748247146606,0.7541825175285339
3418,0.2459033727645874,0.7540966272354126
3419,0.24670571088790894,0.7532942891120911
3420,0.29974085092544556,0.7002591490745544
3421,0.30264443159103394,0.6973555684089661
3422,0.7530245780944824,0.24697545170783997
3423,0.7533896565437317,0.2466103434562683
3424,0.7492292523384094,0.2507707476615906
3425,0.752605676651001,0.24739432334899902
3426,0.7584456205368042,0.2415543496608734
3427,0.7568898797035217,0.24311012029647827
3428,0.7548828721046448,0.24511712789535522
3429,0.767744779586792,0.2322552502155304
3430,0.7669775485992432,0.23302243649959564
3431,0.7674202919006348,0.23257973790168762
3432,0.7591501474380493,0.24084988236427307
3433,0.760022759437561,0.23997724056243896
3434,0.7482987642288208,0.2517012059688568
3435,0.7549219727516174,0.24507802724838257
3436,0.753875195980072,0.24612480401992798
3437,0.7689988613128662,0.2310011088848114
3438,0.7617491483688354,0.23825082182884216
3439,0.7690155506134033,0.23098444938659668
3440,0.7482155561447144,0.25178444385528564
3441,0.758177638053894,0.24182237684726715
3442,0.7598088979721069,0.24019113183021545
3443,0.7601504325866699,0.23984956741333008
3444,0.7572455406188965,0.2427544742822647
3445,0.7566511034965515,0.2433488816022873
3446,0.7546175718307495,0.24538245797157288
3447,0.7521495819091797,0.2478504478931427
3448,0.750222384929657,0.24977761507034302
3449,0.754181981086731,0.24581800401210785
3450,0.7579050064086914,0.2420949637889862
3451,0.7564692497253418,0.2435307800769806
3452,0.7550008893013,0.24499911069869995
3453,0.7611075043678284,0.23889248073101044
3454,0.75663161277771,0.24336840212345123
3455,0.7563287615776062,0.2436712384223938
3456,0.7742041349411011,0.22579586505889893
3457,0.7709646821022034,0.22903530299663544
3458,0.7604970932006836,0.23950287699699402
3459,0.7621104717254639,0.23788952827453613
3460,0.7622388601303101,0.23776112496852875
3461,0.760404109954834,0.2395959198474884
3462,0.7558603882789612,0.24413961172103882
3463,0.7592319846153259,0.24076800048351288
3464,0.7599152326583862,0.24008476734161377
3465,0.7791850566864014,0.22081492841243744
3466,0.7766691446304321,0.22333085536956787
3467,0.7766598463058472,0.22334013879299164
3468,0.7666616439819336,0.2333383411169052
3469,0.7658758163452148,0.23412421345710754
3470,0.7659956216812134,0.23400439321994781
3471,0.7632452845573425,0.23675471544265747
3472,0.7624527215957642,0.23754729330539703
3473,0.780377984046936,0.21962200105190277
3474,0.7791318893432617,0.2208680808544159
3475,0.7809787392616272,0.2190212607383728
3476,0.7769942283630371,0.22300580143928528
3477,0.7741392850875854,0.22586070001125336
3478,0.7743515968322754,0.22564837336540222
3479,0.7739071249961853,0.2260928750038147
3480,0.7778348922729492,0.22216513752937317
3481,0.7691802382469177,0.23081974685192108
3482,0.7893998622894287,0.21060016751289368
3483,0.7888870239257812,0.21111300587654114
3484,0.7861492037773132,0.21385079622268677
3485,0.792772114276886,0.2072279006242752
3486,0.7963316440582275,0.20366838574409485
3487,0.7916156649589539,0.20838433504104614
3488,0.7884640097618103,0.2115359902381897
3489,0.7953711152076721,0.2046288698911667
3490,0.7937762141227722,0.2062237709760666
3491,0.7993676662445068,0.20063230395317078
3492,0.7804528474807739,0.21954718232154846
3493,0.797591507434845,0.20240847766399384
3494,0.797466516494751,0.20253345370292664
3495,0.7995964288711548,0.2004035860300064
3496,0.7811707854270935,0.2188291996717453
3497,0.7959045171737671,0.20409545302391052
3498,0.7923897504806519,0.20761021971702576
3499,0.7954307794570923,0.20456920564174652
3500,0.7808883190155029,0.21911171078681946
3501,0.7608305215835571,0.23916944861412048
3502,0.7619949579238892,0.23800507187843323
3503,0.7651404142379761,0.23485958576202393
3504,0.7665473818778992,0.23345261812210083
3505,0.7586154937744141,0.24138450622558594
3506,0.7824204564094543,0.21757954359054565
3507,0.7870725989341736,0.2129274159669876
3508,0.7731580138206482,0.226842001080513
3509,0.7635469436645508,0.2364530712366104
3510,0.7546715140342712,0.24532848596572876
3511,0.7573655843734741,0.2426343858242035
3512,0.7787234783172607,0.22127649188041687
3513,0.7810744047164917,0.2189255803823471
3514,0.7809286117553711,0.2190714180469513
3515,0.8036222457885742,0.1963777393102646
3516,0.8036614656448364,0.19633854925632477
3517,0.7833325862884521,0.21666741371154785
3518,0.7835171222686768,0.21648289263248444
3519,0.7849042415618896,0.21509574353694916
3520,0.7858400940895081,0.21415989100933075
3521,0.8058304786682129,0.1941695511341095
3522,0.8059806227684021,0.1940193921327591
3523,0.8069493770599365,0.19305060803890228
3524,0.8065136671066284,0.19348633289337158
3525,0.7859166264533997,0.21408337354660034
3526,0.7862799167633057,0.21372006833553314
3527,0.7851763963699341,0.21482360363006592
3528,0.787556529045105,0.2124434858560562
3529,0.8067612648010254,0.19323870539665222
3530,0.8061153888702393,0.19388461112976074
3531,0.8057821393013,0.19421787559986115
3532,0.806877613067627,0.19312237203121185
3533,0.8065850734710693,0.19341494143009186
3534,0.8082364201545715,0.19176356494426727
3535,0.8082464337348938,0.191753551363945
3536,0.8078188300132751,0.19218116998672485
3537,0.8074712753295898,0.19252875447273254
3538,0.7848447561264038,0.21515527367591858
3539,0.7832913994789124,0.21670860052108765
3540,0.7851858139038086,0.21481415629386902
3541,0.785617470741272,0.21438249945640564
3542,0.7769549489021301,0.22304505109786987
3543,0.77006995677948,0.22993001341819763
3544,0.7666730880737305,0.23332692682743073
3545,0.7777957320213318,0.22220425307750702
3546,0.7836228609085083,0.2163771688938141
3547,0.7784496545791626,0.2215503752231598
3548,0.7862622141838074,0.21373777091503143
3549,0.7777425050735474,0.22225746512413025
3550,0.770911455154419,0.22908855974674225
3551,0.7635701894760132,0.23642981052398682
3552,0.7634874582290649,0.23651254177093506
3553,0.7664060592651367,0.23359395563602448
3554,0.7606996893882751,0.23930029571056366
3555,0.7388197183609009,0.2611803114414215
3556,0.7412683367729187,0.2587316632270813
3557,0.7083947658538818,0.29160526394844055
3558,0.6819330453872681,0.31806695461273193
3559,0.7195978164672852,0.28040221333503723
3560,0.7151380777359009,0.2848619222640991
3561,0.6831580400466919,0.3168419301509857
3562,0.6899188756942749,0.3100811541080475
3563,0.7068703174591064,0.29312968254089355
3564,0.7031512260437012,0.29684874415397644
3565,0.685247004032135,0.314752995967865
3566,0.6673933267593384,0.332606703042984
3567,0.6399068832397461,0.3600930869579315
3568,0.5842592716217041,0.4157406985759735
3569,0.4135645627975464,0.5864354372024536
3570,0.3805655241012573,0.6194344758987427
3571,0.37537288665771484,0.6246271133422852
3572,0.36915338039398193,0.6308466196060181
3573,0.3306678533554077,0.6693321466445923
3574,0.3031054139137268,0.6968945860862732
3575,0.2757112979888916,0.7242887020111084
3576,0.2690228223800659,0.7309771776199341
3577,0.2656111717224121,0.7343888282775879
3578,0.26190274953842163,0.7380972504615784
3579,0.25807052850723267,0.7419294714927673
3580,0.2508101463317871,0.7491898536682129
3581,0.251971960067749,0.748028039932251
3582,0.2506416440010071,0.7493583559989929
3583,0.24620544910430908,0.7537945508956909
3584,0.25226908922195435,0.7477309107780457
3585,0.24944579601287842,0.7505542039871216
3586,0.24979877471923828,0.7502012252807617
3587,0.24504417181015015,0.7549558281898499
3588,0.2343253493309021,0.7656746506690979
3589,0.22996556758880615,0.7700344324111938
3590,0.22890013456344604,0.771099865436554
3591,0.22792702913284302,0.772072970867157
3592,0.2259652018547058,0.7740347981452942
3593,0.2238926887512207,0.7761073112487793
3594,0.22283971309661865,0.7771602869033813
3595,0.2280195951461792,0.7719804048538208
3596,0.2240999937057495,0.7759000062942505
3597,0.22634470462799072,0.7736552953720093
3598,0.22755348682403564,0.7724465131759644
3599,0.2272716760635376,0.7727283239364624
3600,0.23001760244369507,0.7699823975563049
3601,0.23329806327819824,0.7667019367218018
3602,0.238273024559021,0.761726975440979
3603,0.2510524392127991,0.7489475607872009
3604,0.2572047710418701,0.7427952289581299
3605,0.25670719146728516,0.7432928085327148
3606,0.25985389947891235,0.7401461005210876
3607,0.255024790763855,0.744975209236145
3608,0.25554609298706055,0.7444539070129395
3609,0.2485572099685669,0.7514427900314331
3610,0.24947518110275269,0.7505248188972473
3611,0.24682164192199707,0.7531783580780029
3612,0.2459903359413147,0.7540096640586853
3613,0.24121081829071045,0.7587891817092896
3614,0.2444843053817749,0.7555156946182251
3615,0.23066633939743042,0.7693336606025696
3616,0.22983837127685547,0.7701616287231445
3617,0.23790663480758667,0.7620933651924133
3618,0.22735345363616943,0.7726465463638306
3619,0.2299262285232544,0.7700737714767456
3620,0.22874730825424194,0.7712526917457581
3621,0.24346530437469482,0.7565346956253052
3622,0.24660539627075195,0.753394603729248
3623,0.24879294633865356,0.7512070536613464
3624,0.2490401268005371,0.7509598731994629
3625,0.2533242106437683,0.7466757893562317
3626,0.2554374933242798,0.7445625066757202
3627,0.2558193802833557,0.7441806197166443
3628,0.25524091720581055,0.7447590827941895
3629,0.2564377188682556,0.7435622811317444
3630,0.25019991397857666,0.7498000860214233
3631,0.2529352903366089,0.7470647096633911
3632,0.2547796368598938,0.7452203631401062
3633,0.2580636739730835,0.7419363260269165
3634,0.25372815132141113,0.7462718486785889
3635,0.2510579228401184,0.7489420771598816
3636,0.2501065731048584,0.7498934268951416
3637,0.2593737244606018,0.7406262755393982
3638,0.2634873390197754,0.7365126609802246
3639,0.2713724970817566,0.7286275029182434
3640,0.2745324969291687,0.7254675030708313
3641,0.26392674446105957,0.7360732555389404
3642,0.26051509380340576,0.7394849061965942
3643,0.2629586458206177,0.7370413541793823
3644,0.25437450408935547,0.7456254959106445
3645,0.25593048334121704,0.744069516658783
3646,0.2525252103805542,0.7474747896194458
3647,0.2572355270385742,0.7427644729614258
3648,0.2750803232192993,0.7249196767807007
3649,0.27475404739379883,0.7252459526062012
3650,0.25859779119491577,0.7414022088050842
3651,0.2588045597076416,0.7411954402923584
3652,0.25982749462127686,0.7401725053787231
3653,0.2630646228790283,0.7369353771209717
3654,0.26635539531707764,0.7336446046829224
3655,0.25287342071533203,0.747126579284668
3656,0.24865657091140747,0.7513434290885925
3657,0.24633687734603882,0.7536631226539612
3658,0.25136810541152954,0.7486318945884705
3659,0.2583805322647095,0.7416194677352905
3660,0.2594251036643982,0.7405748963356018
3661,0.2569369673728943,0.7430630326271057
3662,0.24592000246047974,0.7540799975395203
3663,0.24864840507507324,0.7513515949249268
3664,0.25096940994262695,0.749030590057373
3665,0.3321826457977295,0.6678173542022705
3666,0.3352765440940857,0.6647234559059143
3667,0.7008020877838135,0.2991979122161865
3668,0.7569590210914612,0.24304096400737762
3669,0.7280241847038269,0.2719758152961731
3670,0.7462153434753418,0.2537846267223358
3671,0.7328970432281494,0.2671029567718506
3672,0.7300183773040771,0.26998162269592285
3673,0.7346280813217163,0.2653719186782837
3674,0.7342720627784729,0.2657279372215271
3675,0.7390314936637878,0.26096850633621216
3676,0.7398028373718262,0.26019716262817383
3677,0.7423617243766785,0.25763827562332153
3678,0.7464433908462524,0.25355660915374756
3679,0.7465473413467407,0.2534526586532593
3680,0.7507221102714539,0.24927788972854614
3681,0.7382493019104004,0.261750727891922
3682,0.7393314838409424,0.26066848635673523
3683,0.74488765001297,0.25511234998703003
3684,0.7608789801597595,0.23912100493907928
3685,0.7401891946792603,0.25981083512306213
3686,0.7501413822174072,0.24985861778259277
3687,0.7565419673919678,0.24345800280570984
3688,0.7628456950187683,0.23715431988239288
3689,0.7549049854278564,0.24509501457214355
3690,0.7696003913879395,0.23039959371089935
3691,0.7463419437408447,0.2536580562591553
3692,0.7483848333358765,0.25161513686180115
3693,0.7465163469314575,0.25348368287086487
3694,0.7404918074607849,0.2595081925392151
3695,0.7439050674438477,0.25609490275382996
3696,0.7548051476478577,0.24519486725330353
3697,0.7415288090705872,0.25847119092941284
3698,0.7612066864967346,0.23879331350326538
3699,0.7620433568954468,0.2379566729068756
3700,0.7443936467170715,0.25560635328292847
3701,0.7498066425323486,0.25019335746765137
3702,0.7496646642684937,0.25033530592918396
3703,0.7522093057632446,0.24779069423675537
3704,0.7584105730056763,0.24158944189548492
3705,0.7563377618789673,0.2436622679233551
3706,0.755403995513916,0.24459601938724518
3707,0.7506565451622009,0.24934345483779907
3708,0.751188337802887,0.24881164729595184
3709,0.7464625239372253,0.25353747606277466
3710,0.7501605153083801,0.24983949959278107
3711,0.7664204239845276,0.23357956111431122
3712,0.7674961686134338,0.23250381648540497
3713,0.7668678164482117,0.23313218355178833
3714,0.7684370875358582,0.23156289756298065
3715,0.768639326095581,0.23136068880558014
3716,0.764916181564331,0.23508384823799133
3717,0.7698848247528076,0.23011520504951477
3718,0.7691535949707031,0.2308463752269745
3719,0.7500473260879517,0.24995267391204834
3720,0.7551962733268738,0.24480374157428741
3721,0.7533779144287109,0.24662207067012787
3722,0.7526125311851501,0.24738746881484985
3723,0.7678171992301941,0.2321828007698059
3724,0.7675705552101135,0.23242944478988647
3725,0.7697259783744812,0.2302740216255188
3726,0.7727264165878296,0.2272736132144928
3727,0.7503741979598999,0.2496257722377777
3728,0.7565265893936157,0.24347342550754547
3729,0.7479814887046814,0.2520185112953186
3730,0.7470831871032715,0.25291678309440613
3731,0.7470215559005737,0.25297847390174866
3732,0.7513755559921265,0.24862442910671234
3733,0.7503329515457153,0.24966706335544586
3734,0.7638646364212036,0.2361353635787964
3735,0.7648764252662659,0.23512357473373413
3736,0.7501230239868164,0.24987700581550598
3737,0.7518585920333862,0.24814137816429138
3738,0.7694665193557739,0.2305334508419037
3739,0.7714029550552368,0.22859707474708557
3740,0.7723494172096252,0.22765059769153595
3741,0.7720205783843994,0.22797943651676178
3742,0.7705329060554504,0.22946709394454956
3743,0.7557440400123596,0.24425595998764038
3744,0.7594103813171387,0.24058958888053894
3745,0.755048394203186,0.24495160579681396
3746,0.7610045075416565,0.2389955073595047
3747,0.7727058529853821,0.2272941619157791
3748,0.7605541944503784,0.2394457906484604
3749,0.757106363773346,0.24289362132549286
3750,0.7583579421043396,0.2416420727968216
3751,0.7621912956237793,0.23780867457389832
3752,0.762059211730957,0.23794075846672058
3753,0.7605836987495422,0.23941630125045776
3754,0.7617366313934326,0.23826338350772858
3755,0.7580400705337524,0.24195995926856995
3756,0.7695586681365967,0.23044130206108093
3757,0.7716913819313049,0.22830863296985626
3758,0.7687035202980042,0.23129646480083466
3759,0.7680862545967102,0.231913760304451
3760,0.7706670165061951,0.22933296859264374
3761,0.7724591493606567,0.22754086554050446
3762,0.7696800827980042,0.23031990230083466
3763,0.7709749937057495,0.22902503609657288
3764,0.7697803378105164,0.23021967709064484
3765,0.7813640832901001,0.2186359167098999
3766,0.7761622667312622,0.22383776307106018
3767,0.7621655464172363,0.23783442378044128
3768,0.7570366859436035,0.24296332895755768
3769,0.7594331502914429,0.24056681990623474
3770,0.7551266551017761,0.24487334489822388
3771,0.7559843063354492,0.24401570856571198
3772,0.7607049942016602,0.23929497599601746
3773,0.7607091069221497,0.23929090797901154
3774,0.7644964456558228,0.23550352454185486
3775,0.7615196704864502,0.2384803146123886
3776,0.7619226574897766,0.2380773276090622
3777,0.7588576674461365,0.24114231765270233
3778,0.7574790120124817,0.2425210028886795
3779,0.7569068670272827,0.24309314787387848
3780,0.7561252117156982,0.24387481808662415
3781,0.7535614967346191,0.24643851816654205
3782,0.7510263323783875,0.24897366762161255
3783,0.7578432559967041,0.2421567738056183
3784,0.7587173581123352,0.241282656788826
3785,0.7610927820205688,0.23890720307826996
3786,0.7759656310081482,0.224034383893013
3787,0.7773293256759644,0.22267064452171326
3788,0.7798008918762207,0.2201990783214569
3789,0.7601827383041382,0.23981726169586182
3790,0.763944149017334,0.2360558807849884
3791,0.7623389959335327,0.2376609742641449
3792,0.7623474597930908,0.23765255510807037
3793,0.7561817169189453,0.24381831288337708
3794,0.7599872946739197,0.24001269042491913
3795,0.76399165391922,0.23600834608078003
3796,0.7640078663825989,0.23599214851856232
3797,0.763733983039856,0.23626600205898285
3798,0.761299729347229,0.238700270652771
3799,0.7606826424598694,0.23931735754013062
3800,0.7607875466346741,0.23921243846416473
3801,0.7711650133132935,0.22883495688438416
3802,0.7734206914901733,0.22657933831214905
3803,0.7713795900344849,0.22862039506435394
3804,0.7721385359764099,0.2278614491224289
3805,0.7584631443023682,0.24153688549995422
3806,0.7620626091957092,0.23793737590312958
3807,0.7627447247505188,0.23725526034832
3808,0.7609446048736572,0.23905536532402039
3809,0.7616196870803833,0.2383803427219391
3810,0.7652453184127808,0.23475468158721924
3811,0.7634651064872742,0.23653487861156464
3812,0.75873863697052,0.24126136302947998
3813,0.7626993060112,0.23730070888996124
3814,0.7609553933143616,0.23904459178447723
3815,0.7552669644355774,0.2447330206632614
3816,0.7549178004264832,0.24508219957351685
3817,0.7553013563156128,0.2446986734867096
3818,0.75343918800354,0.24656081199645996
3819,0.7550936937332153,0.24490627646446228
3820,0.7511113882064819,0.24888861179351807
3821,0.7494895458221436,0.25051048398017883
3822,0.7514365315437317,0.2485634684562683
3823,0.7549053430557251,0.24509462714195251
3824,0.7461663484573364,0.2538336515426636
3825,0.7385005950927734,0.2614993751049042
3826,0.706843376159668,0.29315659403800964
3827,0.7265981435775757,0.2734018564224243
3828,0.6851184368133545,0.3148815631866455
3829,0.669939398765564,0.33006057143211365
3830,0.562562882900238,0.43743711709976196
3831,0.4917846918106079,0.5082153081893921
3832,0.4541700482368469,0.5458299517631531
3833,0.5100833177566528,0.48991671204566956
3834,0.5255053639411926,0.4744946360588074
3835,0.4919564723968506,0.5080435276031494
3836,0.39764052629470825,0.6023594737052917
3837,0.3670693039894104,0.6329306960105896
3838,0.36364758014678955,0.6363524198532104
3839,0.33344566822052,0.66655433177948
3840,0.3200126886367798,0.6799873113632202
3841,0.2812314033508301,0.7187685966491699
3842,0.29028791189193726,0.7097120881080627
3843,0.3190339207649231,0.6809660792350769
3844,0.358009934425354,0.641990065574646
3845,0.30054771900177,0.69945228099823
3846,0.2623710036277771,0.7376289963722229
3847,0.2720947265625,0.7279052734375
3848,0.31181788444519043,0.6881821155548096
3849,0.31541574001312256,0.6845842599868774
3850,0.3224959969520569,0.6775040030479431
3851,0.29572969675064087,0.7042703032493591
3852,0.30242395401000977,0.6975760459899902
3853,0.7424293756484985,0.2575705945491791
3854,0.756337583065033,0.24366241693496704
3855,0.7410595417022705,0.2589404881000519
3856,0.7626588940620422,0.23734110593795776
3857,0.7624956965446472,0.23750430345535278
3858,0.7482603788375854,0.25173959136009216
3859,0.7549296021461487,0.24507038295269012
3860,0.7547478675842285,0.24525214731693268
3861,0.7546032667160034,0.2453967183828354
3862,0.7577009797096252,0.24229900538921356
3863,0.7584890127182007,0.24151098728179932
3864,0.7583372592926025,0.24166275560855865
3865,0.7554677724838257,0.2445322424173355
3866,0.7564418911933899,0.2435580939054489
3867,0.7487518787384033,0.2512480914592743
3868,0.7539612650871277,0.2460387498140335
3869,0.768865704536438,0.2311343252658844
3870,0.7688072323799133,0.23119276762008667
3871,0.7681251764297485,0.23187480866909027
3872,0.7669821977615356,0.23301783204078674
3873,0.7670478224754333,0.23295219242572784
3874,0.7648112773895264,0.23518870770931244
3875,0.7660064697265625,0.2339935153722763
3876,0.768711268901825,0.23128874599933624
3877,0.7542797327041626,0.2457202821969986
3878,0.7550083994865417,0.24499161541461945
3879,0.7593522071838379,0.24064776301383972
3880,0.7558633089065552,0.24413669109344482
3881,0.7580773830413818,0.24192258715629578
3882,0.7672094702720642,0.2327905148267746
3883,0.7681853771209717,0.23181462287902832
3884,0.7737798690795898,0.22622011601924896
3885,0.7497453093528748,0.25025469064712524
3886,0.7529194355010986,0.24708056449890137
3887,0.7469331622123718,0.2530668377876282
3888,0.7477887272834778,0.2522112727165222
3889,0.7434282898902893,0.2565717101097107
3890,0.7455593943595886,0.2544406056404114
3891,0.7520759105682373,0.2479240596294403
3892,0.7670552730560303,0.23294472694396973
3893,0.7686092853546143,0.23139069974422455
3894,0.7648459672927856,0.23515406250953674
3895,0.7467471361160278,0.2532528340816498
3896,0.7581417560577393,0.24185827374458313
3897,0.7583127617835999,0.24168723821640015
3898,0.7581875324249268,0.24181246757507324
3899,0.7562305331230164,0.24376948177814484
3900,0.768531084060669,0.23146891593933105
3901,0.753242552280426,0.24675744771957397
3902,0.7504570484161377,0.2495429813861847
3903,0.7453442811965942,0.2546556890010834
3904,0.7513833045959473,0.24861671030521393
3905,0.7657185792922974,0.23428139090538025
3906,0.7517474889755249,0.2482524812221527
3907,0.7573197484016418,0.24268025159835815
3908,0.7586522102355957,0.2413477599620819
3909,0.7593663930892944,0.24063357710838318
3910,0.7625406980514526,0.23745927214622498
3911,0.76241135597229,0.23758864402770996
3912,0.762902021408081,0.23709800839424133
3913,0.7589313387870789,0.24106866121292114
3914,0.7634041905403137,0.23659580945968628
3915,0.769265353679657,0.23073464632034302
3916,0.7678415775299072,0.23215839266777039
3917,0.7808277010917664,0.21917229890823364
3918,0.7671114802360535,0.23288850486278534
3919,0.7725517749786377,0.2274482250213623
3920,0.7704824209213257,0.2295176088809967
3921,0.7717088460922241,0.22829118371009827
3922,0.7702934741973877,0.2297065109014511
3923,0.7804200053215027,0.21957999467849731
3924,0.7761965990066528,0.22380340099334717
3925,0.7604982852935791,0.2395017445087433
3926,0.7612574100494385,0.23874256014823914
3927,0.7627509236335754,0.23724907636642456
3928,0.7587820887565613,0.24121791124343872
3929,0.7578815221786499,0.24211850762367249
3930,0.7629612684249878,0.2370387613773346
3931,0.7618901133537292,0.23810990154743195
3932,0.7642813920974731,0.23571863770484924
3933,0.7642859816551208,0.23571400344371796
3934,0.7619720101356506,0.23802797496318817
3935,0.7594183683395386,0.2405816614627838
3936,0.759956955909729,0.2400430589914322
3937,0.7574937343597412,0.24250629544258118
3938,0.7592737674713135,0.24072624742984772
3939,0.7552906274795532,0.24470938742160797
3940,0.7514870166778564,0.24851301312446594
3941,0.7573484182357788,0.24265156686306
3942,0.7574556469917297,0.24254435300827026
3943,0.7600350975990295,0.23996490240097046
3944,0.762545645236969,0.2374543696641922
3945,0.7676408290863037,0.23235918581485748
3946,0.7711418867111206,0.228858083486557
3947,0.7664282917976379,0.23357170820236206
3948,0.7655149698257446,0.23448500037193298
3949,0.7751504778862,0.22484950721263885
3950,0.7730638980865479,0.22693613171577454
3951,0.7757965326309204,0.2242034673690796
3952,0.7643600702285767,0.23563995957374573
3953,0.7652052640914917,0.2347947508096695
3954,0.7657113075256348,0.23428867757320404
3955,0.7620388865470886,0.23796109855175018
3956,0.7616103887557983,0.23838959634304047
3957,0.7614737749099731,0.23852622509002686
3958,0.7663930654525757,0.23360693454742432
3959,0.7650706768035889,0.23492932319641113
3960,0.7643805742263794,0.23561939597129822
3961,0.7767531871795654,0.22324681282043457
3962,0.7645426988601685,0.23545731604099274
3963,0.7632393836975098,0.23676060140132904
3964,0.7603640556335449,0.23963594436645508
3965,0.7622448205947876,0.2377552092075348
3966,0.7631585597991943,0.23684142529964447
3967,0.7602150440216064,0.23978495597839355
3968,0.7597333192825317,0.24026665091514587
3969,0.7617583274841309,0.23824164271354675
3970,0.7577086687088013,0.24229130148887634
3971,0.7615171074867249,0.23848287761211395
3972,0.7617894411087036,0.2382105588912964
3973,0.7601131200790405,0.23988687992095947
3974,0.7619323134422302,0.23806770145893097
3975,0.7627401351928711,0.2372598648071289
3976,0.7571996450424194,0.24280032515525818
3977,0.7616868019104004,0.2383131980895996
3978,0.757469892501831,0.24253009259700775
3979,0.755726158618927,0.2442738264799118
3980,0.7495394349098206,0.25046056509017944
3981,0.7656714916229248,0.2343284785747528
3982,0.7613742351531982,0.23862574994564056
3983,0.745857298374176,0.254142701625824
3984,0.7378288507461548,0.2621711492538452
3985,0.7523804903030396,0.24761953949928284
3986,0.7469820976257324,0.2530179023742676
3987,0.7421948313713074,0.2578051686286926
3988,0.7437636256217957,0.25623637437820435
3989,0.7238197326660156,0.2761802673339844
3990,0.7278767824172974,0.27212321758270264
3991,0.739194393157959,0.2608056366443634
3992,0.746593713760376,0.253406286239624
3993,0.759614109992981,0.24038591980934143
3994,0.7586516737937927,0.24134832620620728
3995,0.7477337718009949,0.2522662281990051
3996,0.7514514923095703,0.24854852259159088
3997,0.7407764196395874,0.2592235505580902
3998,0.7377939224243164,0.2622060477733612
3999,0.714607834815979,0.2853921949863434
4000,0.7197835445404053,0.28021642565727234
4001,0.7341974973678589,0.2658024728298187
4002,0.7484601736068726,0.25153979659080505
4003,0.7036548256874084,0.29634517431259155
4004,0.7050814032554626,0.29491859674453735
4005,0.6574071645736694,0.3425928056240082
4006,0.6658251285552979,0.33417490124702454
4007,0.6982289552688599,0.30177104473114014
4008,0.6874399185180664,0.312560111284256
4009,0.3143389821052551,0.6856610178947449
4010,0.29090505838394165,0.7090949416160583
4011,0.7110546231269836,0.28894537687301636
4012,0.7406179904937744,0.2593820095062256
4013,0.7523389458656311,0.2476610690355301
4014,0.7575253844261169,0.24247463047504425
4015,0.7751440405845642,0.2248559445142746
4016,0.7741265296936035,0.2258734405040741
4017,0.7857934236526489,0.21420660614967346
4018,0.7847094535827637,0.21529051661491394
4019,0.776583194732666,0.2234167754650116
4020,0.7660868167877197,0.23391318321228027
4021,0.7734608054161072,0.22653919458389282
4022,0.7438254952430725,0.2561745047569275
4023,0.7492996454238892,0.25070032477378845
4024,0.7669733762741089,0.2330266237258911
4025,0.7533167004585266,0.2466832995414734
4026,0.7650827169418335,0.23491725325584412
4027,0.7683510184288025,0.23164896667003632
4028,0.7622225284576416,0.2377775013446808
4029,0.7631591558456421,0.2368408441543579
4030,0.7910670638084412,0.20893295109272003
4031,0.750781774520874,0.24921824038028717
4032,0.786912739276886,0.213087260723114
4033,0.7924432754516602,0.20755672454833984
4034,0.7901496291160583,0.20985038578510284
4035,0.7789744138717651,0.22102561593055725
4036,0.7756640911102295,0.2243359237909317
4037,0.7612144947052002,0.23878547549247742
4038,0.766433596611023,0.23356638848781586
4039,0.7577930688858032,0.24220696091651917
4040,0.7763429880142212,0.22365698218345642
4041,0.7623733282089233,0.23762667179107666
4042,0.7692681550979614,0.23073187470436096
4043,0.7564445734024048,0.24355541169643402
4044,0.7562615871429443,0.24373844265937805
4045,0.751190185546875,0.2488097846508026
4046,0.7463200092315674,0.253680020570755
4047,0.7629674673080444,0.23703253269195557
4048,0.7674036622047424,0.23259635269641876
4049,0.7549903392791748,0.2450096309185028
4050,0.7541223764419556,0.24587763845920563
4051,0.7737847566604614,0.2262152135372162
4052,0.7727597951889038,0.227240189909935
4053,0.7584912180900574,0.24150876700878143
4054,0.7686961889266968,0.23130381107330322
4055,0.7722740173339844,0.22772595286369324
4056,0.7683001756668091,0.2316998392343521
4057,0.7661359310150146,0.23386403918266296
4058,0.751241147518158,0.24875886738300323
4059,0.7612394094467163,0.2387605607509613
4060,0.7653466463088989,0.23465335369110107
4061,0.7641029953956604,0.2358970195055008
4062,0.7655684351921082,0.23443157970905304
4063,0.7553517818450928,0.24464824795722961
4064,0.7520096302032471,0.24799036979675293
4065,0.764892041683197,0.23510795831680298
4066,0.7669756412506104,0.23302437365055084
4067,0.7787771224975586,0.2212228775024414
4068,0.7740173935890198,0.22598259150981903
4069,0.7655773758888245,0.23442262411117554
4070,0.7696549296379089,0.23034505546092987
4071,0.7682877779006958,0.2317121922969818
4072,0.7667931914329529,0.2332068234682083
4073,0.770093560218811,0.22990643978118896
4074,0.7470254898071289,0.2529745101928711
4075,0.7485679388046265,0.25143206119537354
4076,0.7455223798751831,0.2544776201248169
4077,0.7486181259155273,0.25138184428215027
4078,0.7422404289245605,0.25775960087776184
4079,0.7460755705833435,0.2539244294166565
4080,0.7483096122741699,0.2516903877258301
4081,0.7642138004302979,0.23578619956970215
4082,0.7541603446006775,0.2458396553993225
4083,0.7518408298492432,0.24815915524959564
4084,0.7492887377738953,0.25071126222610474
4085,0.7531287670135498,0.2468712329864502
4086,0.7549363374710083,0.2450636476278305
4087,0.7540847063064575,0.24591530859470367
4088,0.7554422616958618,0.2445577085018158
4089,0.7659506797790527,0.23404930531978607
4090,0.745680570602417,0.2543194591999054
4091,0.7509803771972656,0.24901963770389557
4092,0.7428116798400879,0.2571883499622345
4093,0.7480967044830322,0.2519032955169678
4094,0.7593536972999573,0.24064630270004272
4095,0.7468575239181519,0.25314250588417053
4096,0.7463797926902771,0.2536202073097229
4097,0.7504328489303589,0.24956712126731873
4098,0.7597422003746033,0.24025779962539673
4099,0.7615717649459839,0.23842820525169373
4100,0.7581871151924133,0.24181288480758667
4101,0.7578021883964539,0.24219779670238495
4102,0.7578021883964539,0.24219781160354614
4103,0.7765023112297058,0.2234976887702942
4104,0.7694692611694336,0.2305307239294052
4105,0.7666870355606079,0.2333129644393921
4106,0.7803811430931091,0.21961884200572968
4107,0.7716070413589478,0.22839295864105225
4108,0.7729766964912415,0.22702328860759735
4109,0.7742055654525757,0.22579443454742432
4110,0.7711282968521118,0.22887173295021057
4111,0.7708367109298706,0.2291632741689682
4112,0.7807942628860474,0.21920570731163025
4113,0.7762957811355591,0.22370420396327972
4114,0.7586003541946411,0.2413996458053589
4115,0.7559603452682495,0.2440396547317505
4116,0.7621536254882812,0.23784637451171875
4117,0.7586488723754883,0.24135112762451172
4118,0.7641144394874573,0.23588556051254272
4119,0.7620105743408203,0.2379894256591797
4120,0.7610942125320435,0.23890577256679535
4121,0.764539361000061,0.23546063899993896
4122,0.763294517993927,0.2367054969072342
4123,0.7761891484260559,0.2238108366727829
4124,0.7574950456619263,0.24250495433807373
4125,0.7607026100158691,0.23929740488529205
4126,0.757904052734375,0.2420959770679474
4127,0.7570018768310547,0.2429981231689453
4128,0.7555637359619141,0.24443629384040833
4129,0.7500855326652527,0.24991445243358612
4130,0.7620903849601746,0.23790961503982544
4131,0.7615240812301636,0.2384759485721588
4132,0.7619845271110535,0.23801548779010773
4133,0.7627471685409546,0.2372528314590454
4134,0.7654856443405151,0.23451435565948486
4135,0.7708559632301331,0.22914405167102814
4136,0.7671627402305603,0.2328372597694397
4137,0.7589890956878662,0.2410109043121338
4138,0.7743868827819824,0.22561310231685638
4139,0.7726625204086304,0.22733747959136963
4140,0.7634067535400391,0.23659327626228333
4141,0.7595648169517517,0.2404351681470871
4142,0.7644718885421753,0.2355281412601471
4143,0.7648539543151855,0.23514607548713684
4144,0.760610044002533,0.23938994109630585
4145,0.7588437795639038,0.2411561906337738
4146,0.7601484656333923,0.23985153436660767
4147,0.7607797384262085,0.2392202913761139
4148,0.7622460126876831,0.2377539724111557
4149,0.7612208724021912,0.23877912759780884
4150,0.7616798877716064,0.23832009732723236
4151,0.7613332271575928,0.23866680264472961
4152,0.7620635032653809,0.23793646693229675
4153,0.7636052370071411,0.2363947331905365
4154,0.7584863901138306,0.24151363968849182
4155,0.7610716223716736,0.2389283925294876
4156,0.7573159337043762,0.24268406629562378
4157,0.7527395486831665,0.24726048111915588
4158,0.7530190944671631,0.2469809204339981
4159,0.7556024789810181,0.24439750611782074
4160,0.7626408934593201,0.23735912144184113
4161,0.7638023495674133,0.23619763553142548
4162,0.7628393173217773,0.23716065287590027
4163,0.7610105276107788,0.23898950219154358
4164,0.7555416822433472,0.24445828795433044
4165,0.7439193725585938,0.25608065724372864
4166,0.7501266002655029,0.24987342953681946
4167,0.7446072101593018,0.25539278984069824
4168,0.7408811450004578,0.25911885499954224
4169,0.7382952570915222,0.2617047429084778
4170,0.7443830966949463,0.2556168735027313
4171,0.7354817390441895,0.26451829075813293
4172,0.7294828295707703,0.27051717042922974
4173,0.7322918176651001,0.2677082121372223
4174,0.7373365163803101,0.26266345381736755
4175,0.7480759620666504,0.2519240379333496
4176,0.7440785765647888,0.2559214234352112
4177,0.7531633377075195,0.24683663249015808
4178,0.728927493095398,0.27107253670692444
4179,0.7294414043426514,0.270558625459671
4180,0.7274951934814453,0.2725048363208771
4181,0.7251192927360535,0.27488070726394653
4182,0.7397284507751465,0.26027151942253113
4183,0.7449579834938049,0.25504201650619507
4184,0.7162413001060486,0.2837586998939514
4185,0.7007215023040771,0.29927849769592285
4186,0.6736487150192261,0.3263513147830963
4187,0.47352927923202515,0.5264707207679749
4188,0.3266121745109558,0.6733878254890442
4189,0.32126110792160034,0.6787388920783997
4190,0.4165912866592407,0.5834087133407593
4191,0.5080562829971313,0.49194374680519104
4192,0.41832393407821655,0.5816760659217834
4193,0.36155861616134644,0.6384413838386536
4194,0.36833345890045166,0.6316665410995483
4195,0.4214465618133545,0.5785534381866455
4196,0.3940316438674927,0.6059683561325073
4197,0.45845162868499756,0.5415483713150024
4198,0.3009287118911743,0.6990712881088257
4199,0.27794504165649414,0.7220549583435059
